melting_point,0-norm,2-norm,MagpieData minimum Number,MagpieData maximum Number,MagpieData range Number,MagpieData mean Number,MagpieData avg_dev Number,MagpieData minimum MendeleevNumber,MagpieData avg_dev MendeleevNumber,MagpieData avg_dev MeltingT,MagpieData range Row,MagpieData avg_dev Row,MagpieData minimum CovalentRadius,MagpieData maximum CovalentRadius,MagpieData range CovalentRadius,MagpieData avg_dev CovalentRadius,MagpieData minimum Electronegativity,MagpieData maximum Electronegativity,MagpieData range Electronegativity,MagpieData avg_dev Electronegativity,MagpieData minimum NsValence,MagpieData mean NsValence,MagpieData minimum NpValence,MagpieData range NpValence,MagpieData minimum NdValence,MagpieData mean NdValence,MagpieData minimum NpUnfilled,MagpieData maximum NpUnfilled,MagpieData mode NpUnfilled,MagpieData mean NdUnfilled,MagpieData maximum NUnfilled,MagpieData minimum GSvolume_pa,MagpieData maximum GSvolume_pa,MagpieData range GSvolume_pa,MagpieData avg_dev GSvolume_pa,MagpieData maximum SpaceGroupNumber,MagpieData range SpaceGroupNumber,MagpieData mean SpaceGroupNumber,MagpieData mode SpaceGroupNumber,compound possible,Yang delta,Yang omega,APE mean,Radii gamma,Total weight,Lambda entropy,Electronegativity delta,Mixing enthalpy,Mean cohesive energy,Interant electrons,Shear modulus local mismatch
6.5,3,0.6787247445386805,31.0,50.0,19.0,38.040404040404034,8.67605346393225,74.0,1.3025201510049895,72.18688093051729,1.0,0.4730129578614427,122.0,142.0,20.0,8.974798489950008,1.78,1.96,0.1799999999999999,0.0362105907560453,2.0,2.0,1.0,1.0,10.0,9.999999999999998,4.0,5.0,5.0,0.0,5.0,18.8575,33.285,14.427499999999997,4.015880012243648,141.0,77.0,93.05050505050504,64.0,False,0.071889779710303,1.25179631423943,-0.0302689894960752,1.092328719882833,86.66783000000001,-1.4679380667331694,0.0227284508706406,2.1907968574635244,2.78010101010101,4.0,7.277700234669932
7.6,4,0.6720119046564577,30.0,50.0,20.0,37.96,8.650400000000001,69.0,1.315200000000001,75.50555599999998,1.0,0.4711999999999999,122.0,142.0,20.0,8.940400000000002,1.65,1.96,0.31,0.0362959999999999,2.0,2.0,0.0,2.0,10.0,10.0,0.0,5.0,5.0,0.0,5.0,13.96,33.285,19.325,4.037708999999999,194.0,130.0,94.06,64.0,False,0.0715543652894675,1.3332713458502663,-0.0297206302881106,1.0923336330814537,8732.192,-1.5578514378149315,0.0226377433721996,2.1824,2.7658,4.0,7.242635
10.0,3,0.7248793002976427,31.0,50.0,19.0,36.77,7.904900000000001,74.0,1.1165499999999993,65.05801199999999,1.0,0.4315500000000001,122.0,142.0,20.0,8.22,1.78,1.96,0.1799999999999999,0.0282899999999998,2.0,2.0,1.0,1.0,10.0,10.0,4.0,5.0,5.0,0.0,5.0,18.8575,33.285,14.427499999999997,3.567873874999999,141.0,77.0,87.825,64.0,False,0.0693726374663959,1.1701047964642826,-0.0205744914354237,1.092675002983367,8431.7125,-1.416426553941488,0.0211861447306254,2.0413,2.78065,4.0,6.589216050000001
10.0,3,0.7248793002976427,31.0,50.0,19.0,36.77,7.904900000000001,74.0,1.1165499999999993,65.05801199999999,1.0,0.4315500000000001,122.0,142.0,20.0,8.219999999999999,1.78,1.96,0.1799999999999999,0.02829,2.0,2.0,1.0,1.0,10.0,10.0,4.0,5.0,5.0,0.0,5.0,18.8575,33.285,14.427499999999997,3.567873874999999,141.0,77.0,87.825,64.0,False,0.0693726374663959,1.1701047964642826,-0.0205744914354238,1.092675002983367,84.317125,-1.416426553941488,0.0211861447306254,2.0413,2.78065,4.0,6.589216050000001
10.5,3,0.7188880302244571,31.0,50.0,19.0,36.88,7.9968,74.0,1.2512000000000003,67.49462399999999,1.0,0.4352000000000001,122.0,142.0,20.0,8.214399999999998,1.78,1.96,0.1799999999999999,0.03312,2.0,2.0,1.0,1.0,10.0,10.0,4.0,5.0,5.0,0.0,5.0,18.8575,33.285,14.427499999999997,3.824048,141.0,77.0,88.24,64.0,False,0.0696134109106033,1.255030301660664,-0.0212791873124699,1.0926497412313747,8462.044,-1.4386771813048391,0.0207875520010973,1.9584,2.7916000000000007,4.0,6.494847999999999
10.5,3,0.7188880302244572,31.0,50.0,19.0,36.88,7.996800000000001,74.0,1.2512000000000008,67.49462399999999,1.0,0.4352000000000001,122.0,142.0,20.0,8.214400000000008,1.78,1.96,0.1799999999999999,0.03312,2.0,2.0,1.0,1.0,10.0,10.0,4.0,5.0,5.0,0.0,5.0,18.8575,33.285,14.427499999999997,3.824047999999999,141.0,77.0,88.24000000000001,64.0,False,0.0696134109106033,1.255030301660664,-0.0212791873124699,1.0926497412313747,84.62044,-1.438677181304839,0.0207875520010973,1.9584,2.7916000000000003,4.0,6.494847999999999
10.7,3,0.7117232608254419,31.0,50.0,19.0,37.065,8.127099999999999,74.0,1.2796999999999994,68.70642299999997,1.0,0.4422,122.0,142.0,20.0,8.341499999999996,1.78,1.96,0.1799999999999999,0.0343500000000001,2.0,2.0,1.0,1.0,10.0,10.0,4.0,5.0,5.0,0.0,5.0,18.8575,33.285,14.427499999999997,3.900673,141.0,77.0,89.0,64.0,False,0.0700664661479269,1.2667280715154252,-0.0226883221451613,1.0925992695543765,8509.085,-1.4447783213654823,0.0210242733170636,1.9832,2.7918000000000003,4.0,6.6052212
10.77,3,0.7316769553449108,31.0,50.0,19.0,36.56656656656657,7.756417077738401,74.0,1.1688324961598235,64.84764981197412,1.0,0.4226208190172153,122.0,142.0,20.0,8.004689374058746,1.78,1.96,0.1799999999999999,0.0299513928342759,2.0,2.0,1.0,1.0,10.0,10.0,4.0,5.0,5.0,0.0,5.0,18.8575,33.285,14.427499999999997,3.630121051982913,141.0,77.0,86.96196196196198,64.0,False,0.0687713249866206,1.214712737929023,-0.0189256341428286,1.0927341664003092,83.733506,-1.424943354076476,0.0205285677652688,1.9387555723892065,2.788448448448449,4.0,6.341367289211135
10.8,3,0.8046316423455949,31.0,50.0,19.0,34.85849802371541,6.1003921323563866,74.0,1.0248558796419245,52.460410254807904,1.0,0.3312034245184271,122.0,142.0,20.0,6.207877017294449,1.78,1.96,0.1799999999999999,0.0246551828649097,2.0,2.0,1.0,1.0,10.0,10.0,4.0,5.0,5.0,0.0,5.0,18.8575,33.285,14.427499999999997,3.041369182458717,141.0,77.0,79.88695652173914,64.0,False,0.0617473177097607,1.2792200304507406,-0.0056834860567764,1.0932121598761912,100.581782,-1.4298334946538742,0.016785943921884,1.4322985830117645,2.803652173913044,4.0,4.724388712837258
11.0,3,0.6800367637120805,31.0,50.0,19.0,37.91,8.6375,74.0,1.543999999999998,74.52224999999999,1.0,0.46875,122.0,142.0,20.0,8.775000000000002,1.78,1.96,0.1799999999999999,0.0423839999999999,2.0,2.0,1.0,1.0,10.0,10.0,4.0,5.0,5.0,0.0,5.0,18.8575,33.285,14.427499999999997,4.337421875,141.0,77.0,92.445,64.0,False,0.0716587227051593,1.3740284555917748,-0.029025189689155,1.0923729984895412,87.256345,-1.4854299458967226,0.0216915031839463,2.0125,2.80045,4.0,6.94317405
11.1,3,0.8008408081510333,31.0,50.0,19.0,34.955,6.201439999999999,74.0,0.8639680000000012,50.8730544,1.0,0.3386880000000001,122.0,142.0,20.0,6.458592000000008,1.78,1.96,0.1799999999999999,0.0193522800000001,2.0,2.0,1.0,1.0,10.0,10.0,4.0,5.0,5.0,0.0,5.0,18.8575,33.285,14.427499999999997,2.7778923200000003,141.0,77.0,80.334,64.0,False,0.0623794523628447,1.133926697817451,-0.0066038779849398,1.093178772373374,79.724284,-1.4006732518672955,0.0180860100402017,1.611904,2.7889,4.0,5.0880832080000005
11.37,3,0.7136932114010894,31.0,50.0,19.0,37.011,8.090806,74.0,1.2813919999999994,68.50188378000001,1.0,0.440142,122.0,142.0,20.0,8.298090000000009,1.78,1.96,0.1799999999999999,0.0343275,2.0,2.0,1.0,1.0,10.0,10.0,4.0,5.0,5.0,0.0,5.0,18.8575,33.285,14.427499999999997,3.896323405,141.0,77.0,88.775,64.0,False,0.0699344940884218,1.2698825356319348,-0.0222656176643502,1.0926144038079366,84.955565,-1.444147932442865,0.0209076858156918,1.967852,2.79267,4.0,6.559466682
11.78,3,0.746410074958799,31.0,50.0,19.0,36.262,7.493088,74.0,0.9654719999999988,60.38565983999997,1.0,0.4101120000000001,122.0,142.0,20.0,7.869023999999992,1.78,1.96,0.1799999999999999,0.0225575999999998,2.0,2.0,1.0,1.0,10.0,10.0,4.0,5.0,5.0,0.0,5.0,18.8575,33.285,14.427499999999997,3.2180548799999995,141.0,77.0,85.756,64.0,False,0.0679013836764041,1.094297264704483,-0.016767653832104,1.0928117158685298,83.013936,-1.3859100169573182,0.0208076461359046,2.016384,2.77484,4.0,6.342936479999999
14.9,3,0.8675252157718529,30.0,50.0,20.0,33.06,3.7268000000000017,69.0,1.207800000000004,58.36269599999996,1.0,0.1958000000000002,122.0,139.0,17.0,3.328600000000004,1.65,1.96,0.31,0.0304259999999998,2.0,2.0,0.0,2.0,10.0,10.0,0.0,5.0,5.0,0.0,5.0,13.96,33.285,19.325,2.8572280000000005,194.0,130.0,76.37,64.0,False,0.0482606859957623,3.4162747938973634,0.0062744467697124,1.093681309951164,7498.214999999999,-1.7052282491072033,0.0038106169399981,0.3916,2.8025,3.0,1.869562
15.2,2,0.8511462858991984,31.0,49.0,18.0,33.97,4.959899999999999,74.0,0.2755499999999946,34.95076200000001,1.0,0.2755500000000001,122.0,142.0,20.0,5.510999999999989,1.78,1.81,0.03,0.0082665,2.0,2.0,1.0,0.0,10.0,10.0,5.0,5.0,5.0,0.0,5.0,18.8575,24.26,5.4025,1.488658875000001,139.0,75.0,76.375,64.0,False,0.0567038266485748,0.7293529818504851,0.0006062076931269,1.09344098483821,77.163675,-1.158073380235913,0.0182532849303834,1.6533000000000002,2.76215,2.0,4.64880405
15.5,2,0.7937568897338781,31.0,49.0,18.0,35.41,6.659099999999999,74.0,0.3699500000000023,46.924458,1.0,0.36995,122.0,142.0,20.0,7.399000000000004,1.78,1.81,0.03,0.0110985000000001,2.0,2.0,1.0,0.0,10.0,10.0,5.0,5.0,5.0,0.0,5.0,18.8575,24.26,5.4025,1.998654874999998,139.0,75.0,82.375,64.0,False,0.0649094916071128,0.6965039089979641,-0.0106997569077395,1.0930304925702956,8077.1275,-1.0986855750852098,0.0212336312249102,2.2197,2.73895,2.0,6.24142645
15.5,2,0.8104319835741924,31.0,49.0,18.0,34.96,6.1776,74.0,0.3431999999999993,43.53148800000001,1.0,0.3431999999999998,122.0,142.0,20.0,6.864000000000003,1.78,1.81,0.03,0.0102959999999999,2.0,2.0,1.0,0.0,10.0,10.0,5.0,5.0,5.0,0.0,5.0,18.8575,24.26,5.4025,1.854138,139.0,75.0,80.5,64.0,False,0.0627555358132113,0.703770700235406,-0.0071689980828118,1.0931582847221604,7964.39,-1.1123480476816758,0.0204263463286074,2.0592,2.7462,2.0,5.7901272
15.7,2,0.814260707636074,31.0,49.0,18.0,34.861,6.065630999999999,74.0,0.3369795000000006,42.74247978,1.0,0.3369795,122.0,142.0,20.0,6.739590000000003,1.78,1.81,0.03,0.0101093850000001,2.0,2.0,1.0,0.0,10.0,10.0,5.0,5.0,5.0,0.0,5.0,18.8575,24.26,5.4025,1.820531748749998,139.0,75.0,80.0875,64.0,False,0.0622360690339694,0.7056807117932485,-0.0063919438175606,1.0931864581583213,7939.58775,-1.115862145487954,0.0202348983111685,2.021877,2.747795,2.0,5.6851811445
18.8,3,0.8309031231136395,30.0,50.0,20.0,33.22,4.027199999999999,69.0,1.3392000000000013,78.140424,1.0,0.2112,122.0,139.0,17.0,3.5904000000000043,1.65,1.96,0.31,0.0339840000000001,2.0,2.0,0.0,2.0,10.0,10.0,0.0,5.0,5.0,0.0,5.0,13.96,33.285,19.325,3.1176119999999985,194.0,130.0,81.04,64.0,False,0.0499707773232027,4.043120671465726,0.0027364657064722,1.0935849939922535,7534.26,-1.9509684874288615,0.0039571546052781,0.4223999999999999,2.762,3.0,2.021748
20.0,2,0.8754713016427209,31.0,50.0,19.0,33.565,4.437449999999998,74.0,1.4013000000000018,47.216803500000005,1.0,0.2335499999999998,122.0,139.0,17.0,3.9703500000000016,1.81,1.96,0.1499999999999999,0.0350325,2.0,2.0,1.0,1.0,10.0,10.0,4.0,5.0,5.0,0.0,5.0,18.8575,33.285,14.427499999999997,3.369542625,141.0,77.0,74.395,64.0,False,0.0524441482254799,2.3261478581810717,0.0048515966892753,1.0935960946935923,7633.6245,-1.196388314772825,0.0041605110184067,0.4671,2.85455,3.0,2.22222825
20.2,3,0.7730459236035075,31.0,50.0,19.0,35.86,7.1928,70.0,2.129599999999998,83.07210399999997,1.0,0.3847999999999999,122.0,144.0,22.0,6.837600000000002,1.69,1.96,0.27,0.0535919999999998,2.0,2.0,0.0,2.0,10.0,10.0,0.0,5.0,5.0,0.0,5.0,18.8575,33.285,14.427499999999997,4.940298,194.0,130.0,86.14,64.0,False,0.0670311265608582,2.655680160322124,-0.0128860884458672,1.1017582819625018,8220.766,-1.2669083483453512,0.0058052374990881,0.7696000000000001,2.8166,3.0,3.54302
20.5,2,0.8754713016427209,31.0,50.0,19.0,33.565,4.437449999999998,74.0,1.4013000000000018,47.216803500000005,1.0,0.2335499999999998,122.0,139.0,17.0,3.9703500000000016,1.81,1.96,0.1499999999999999,0.0350325,2.0,2.0,1.0,1.0,10.0,10.0,4.0,5.0,5.0,0.0,5.0,18.8575,33.285,14.427499999999997,3.369542625,141.0,77.0,74.395,64.0,False,0.0524441482254799,2.3261478581810717,0.0048515966892753,1.0935960946935923,7633.6245,-1.196388314772825,0.0041605110184067,0.4671,2.85455,3.0,2.22222825
24.6,3,0.9315578350268972,30.0,48.0,18.0,31.29,0.6683999999999992,69.0,0.6137999999999986,47.08534199999996,1.0,0.0391999999999995,122.0,144.0,22.0,0.8623999999999978,1.65,1.81,0.1600000000000001,0.0193439999999999,2.0,2.0,0.0,1.0,10.0,10.0,0.0,5.0,5.0,0.0,5.0,13.96,19.495,5.535,0.4665374999999999,194.0,130.0,73.1,64.0,False,0.0254931888038621,10.286056112294345,0.0164483479444461,1.103048133773222,7036.106,-3.780466265044711,0.0017077335935594,0.0784,2.704,1.0,0.274659
25.0,2,0.9656345064256971,30.0,31.0,1.0,30.965,0.0675500000000001,69.0,0.3377499999999973,26.328963500000008,0.0,0.0,122.0,122.0,0.0,0.0,1.65,1.81,0.1600000000000001,0.010808,2.0,2.0,0.0,1.0,10.0,10.0,0.0,5.0,5.0,0.0,5.0,13.96,18.8575,4.897500000000001,0.3308261250000022,194.0,130.0,68.55,64.0,False,0.0082160685267069,399284.1249147767,0.0215376431906715,1.0269846723038245,6957.201,-18.68568161198443,0.0,1e-06,2.7589,1.0,0.0097947499999999
26.7,2,0.9792252039240004,13.0,31.0,18.0,30.622,0.7401240000000001,73.0,0.0411180000000007,25.92736608,1.0,0.0411179999999999,121.0,122.0,1.0,0.0411180000000007,1.61,1.81,0.1999999999999999,0.0082235999999999,2.0,2.0,1.0,0.0,0.0,9.79,5.0,5.0,5.0,0.0,5.0,16.48,18.8575,2.3775000000000013,0.097758044999999,225.0,161.0,67.381,64.0,False,0.0074820062823478,3.2571868716557906,0.022516954799008,1.0314826609812295,68.82542931059999,-15.134668491137395,0.0034953828413952,0.082236,2.82218,2.0,0.2236819199999999
29.76,1,1.0,31.0,31.0,0.0,31.0,0.0,74.0,0.0,0.0,0.0,0.0,122.0,122.0,0.0,0.0,1.81,1.81,0.0,0.0,2.0,2.0,1.0,0.0,10.0,10.0,5.0,5.0,5.0,0.0,5.0,18.8575,18.8575,0.0,0.0,64.0,0.0,64.0,64.0,True,0.0,0.0,0.0239939999999999,1.0,69.723,0.0,0.0,1e-06,2.81,1.0,0.0
29.8,2,0.990050503762308,31.0,47.0,16.0,31.16,0.3168000000000002,65.0,0.1781999999999894,18.453996000000004,1.0,0.0197999999999997,122.0,145.0,23.0,0.4554000000000039,1.81,1.93,0.1199999999999998,0.002376,1.0,1.99,0.0,1.0,10.0,10.0,0.0,5.0,5.0,0.0,5.0,16.33,18.8575,2.5275000000000034,0.0500445000000006,225.0,161.0,65.61,64.0,False,0.0074197422603029,0.7342089315189395,0.0232797203152984,1.0449611012055948,70.104452,-8.457311122247692,0.0060632994339221,0.198,2.8114,2.0,0.087318
29.8,2,0.990050503762308,31.0,82.0,51.0,31.51,1.0098000000000016,74.0,0.1386000000000072,5.894459999999976,2.0,0.0395999999999995,122.0,146.0,24.0,0.4751999999999949,1.81,2.33,0.52,0.010296,2.0,2.0,1.0,1.0,10.0,10.0,4.0,5.0,5.0,0.0,5.0,18.8575,28.11,9.252499999999998,0.1831994999999984,225.0,161.0,65.61,64.0,False,0.0296127213424589,0.7192929045157509,0.0207416223818836,1.1790295125754378,71.09777,-0.5309496104653699,0.0,0.198,2.8022,3.0,0.3175326
29.8,3,0.990025252203195,31.0,83.0,52.0,31.34,0.6731999999999998,65.0,0.1198500000000005,11.617748999999996,2.0,0.0296999999999996,122.0,148.0,26.0,0.4851000000000044,1.81,2.02,0.2099999999999999,0.0032669999999999,1.0,1.995,0.0,3.0,10.0,10.0,0.0,5.0,5.0,0.0,5.0,16.33,32.95,16.620000000000005,0.1403467500000011,225.0,213.0,64.545,64.0,False,0.015603073942691,8.24286416735499,0.0226037694011504,1.1255629941571923,70.610013,-2.1491571074699776,0.0043801643845475,0.0195999999999999,2.80755,5.0,0.165923
39.0,2,0.8246211251235323,31.0,50.0,19.0,34.8,6.079999999999997,74.0,1.9200000000000017,64.69439999999997,1.0,0.3200000000000001,122.0,139.0,17.0,5.440000000000003,1.81,1.96,0.1499999999999999,0.048,2.0,2.0,1.0,1.0,10.0,10.0,4.0,5.0,5.0,0.0,5.0,18.8575,33.285,14.427499999999997,4.6168,141.0,77.0,79.4,64.0,False,0.060781476121563,2.2319214858538365,-0.004342849494463,1.093260836192307,7952.04,-1.1261258779590908,0.0048661800486618,0.6400000000000001,2.8760000000000003,3.0,3.0448000000000004
47.0,5,0.5450357786420997,48.0,83.0,35.0,71.686,14.776644,70.0,4.091838,44.94327107999997,1.0,0.4401419999999996,139.0,148.0,9.0,2.5377219999999863,1.69,2.33,0.6400000000000001,0.1393290000000002,2.0,2.0,0.0,3.0,10.0,10.0,0.0,5.0,3.0,0.0,5.0,19.495,33.285,13.789999999999996,3.7008864000000017,225.0,213.0,104.748,12.0,False,0.0421879178175708,243.230431755578,0.0072427622699144,1.0725549177009213,17798.238980000002,-6.420630838493,0.0230795984956606,0.025116,2.23666,8.0,3.012321236
47.2,5,0.5480875842417889,48.0,83.0,35.0,71.92,14.608799999999995,70.0,4.0680000000000005,44.722908000000025,1.0,0.4352000000000001,139.0,148.0,9.0,2.507200000000004,1.69,2.33,0.6400000000000001,0.140576,2.0,2.0,0.0,3.0,10.0,10.0,0.0,5.0,3.0,0.0,5.0,19.495,33.285,13.789999999999996,3.668465000000001,225.0,213.0,104.54,12.0,False,0.0422540945457335,139.19940641568795,0.0069611452893323,1.0725401238432744,17862.995,-6.3550889279095895,0.0230288046915276,0.0435999999999999,2.2359,8.0,2.975003600000001
54.3,2,0.7362404498531713,49.0,83.0,34.0,61.07,15.5703,75.0,5.03745,52.50396749999999,1.0,0.4579500000000001,142.0,148.0,6.0,2.7476999999999987,1.78,2.02,0.24,0.109908,2.0,2.0,1.0,2.0,10.0,10.0,3.0,5.0,5.0,0.0,5.0,24.26,32.95,8.690000000000001,3.9795855000000016,139.0,127.0,93.915,139.0,False,0.0212692844327383,2.7778881442220267,-0.001056445516613,1.0270779652530737,148.245652,-11.954815827014224,0.0299914335755903,0.9159,2.3993,4.0,2.08870995
58.0,4,0.575325994545701,49.0,83.0,34.0,71.72,14.7552,75.0,3.8514,45.262914,1.0,0.4422,139.0,148.0,9.0,2.897999999999996,1.78,2.33,0.55,0.1140119999999999,2.0,2.0,1.0,2.0,10.0,10.0,3.0,5.0,3.0,0.0,5.0,24.26,33.285,9.024999999999997,3.3205979999999995,225.0,213.0,92.49,12.0,False,0.0400738112187459,35.02258496414528,0.0105284066244674,1.0726655427990253,17805.3376,-6.421566185509998,0.0242040661762023,0.1548,2.3396000000000003,8.0,2.6403318
58.2,4,0.575325994545701,49.0,83.0,34.0,71.72,14.7552,75.0,3.8514,45.262914,1.0,0.4422,139.0,148.0,9.0,2.897999999999996,1.78,2.33,0.55,0.1140119999999999,2.0,2.0,1.0,2.0,10.0,10.0,3.0,5.0,3.0,0.0,5.0,24.26,33.285,9.024999999999997,3.3205979999999995,225.0,213.0,92.49,12.0,False,0.0400738112187459,35.02258496414528,0.0105284066244674,1.0726655427990253,17805.3376,-6.421566185509998,0.0242040661762023,0.1548,2.3396000000000003,8.0,2.6403318
58.5,4,0.5381431036443746,49.0,83.0,34.0,67.077,16.622225999999998,75.0,3.916728,51.336963,1.0,0.498078,139.0,148.0,9.0,3.2503860000000007,1.78,2.33,0.55,0.12948732,2.0,2.0,1.0,2.0,10.0,10.0,3.0,5.0,3.0,0.0,5.0,24.26,33.285,9.024999999999997,3.72994766,225.0,213.0,102.569,12.0,False,0.0400537745452002,29.15676504814675,0.0038569733546037,1.072895804081975,165.21182080000003,-6.772953103396893,0.0273734474766071,0.1905479999999999,2.4214,8.0,2.971002354
59.73,4,0.575325994545701,49.0,83.0,34.0,71.72,14.7552,75.0,3.8514,45.262914,1.0,0.4422,139.0,148.0,9.0,2.897999999999996,1.78,2.33,0.55,0.1140120000000001,2.0,2.0,1.0,2.0,10.0,10.0,3.0,5.0,3.0,0.0,5.0,24.26,33.285,9.024999999999997,3.3205979999999995,225.0,213.0,92.49,12.0,False,0.0400738112187459,35.022584964145274,0.0105284066244674,1.0726655427990253,17805.3376,-6.421566185509997,0.0242040661762023,0.1548,2.3396,8.0,2.6403318
60.2,3,0.6135275054958824,49.0,83.0,34.0,59.94,14.573919999999998,75.0,4.349056,49.77022208,1.0,0.4322879999999999,139.0,148.0,9.0,2.9653439999999978,1.78,2.02,0.24,0.1084531199999999,2.0,2.0,1.0,2.0,10.0,10.0,3.0,5.0,5.0,0.0,5.0,24.26,33.285,9.024999999999997,4.40658144,141.0,129.0,99.26,139.0,False,0.0207006479497249,11.192528232032954,0.0017100844229159,1.0270947486795896,14533.61504,-20.052858994112587,0.0310238318804634,0.369088,2.53408,6.0,3.160080992
60.42,3,0.6815305215849485,49.0,83.0,34.0,61.56622222222223,15.765734320987658,75.0,4.967937283950617,53.41578141530865,1.0,0.4650345679012347,139.0,148.0,9.0,2.926530370370377,1.78,2.02,0.24,0.1133891437037037,2.0,2.0,1.0,2.0,10.0,10.000000000000002,3.0,5.0,5.0,0.0,5.0,24.26,33.285,9.024999999999997,4.2823644740740745,141.0,129.0,92.41577777777778,139.0,False,0.021421006650347,4.554112899278859,-0.00196363737366,1.0270724721234277,13472.03496,-15.583916175815032,0.030881249666679,0.7483051851851854,2.433257777777777,6.0,2.559236384296297
61.0,3,0.6281719509815764,48.0,83.0,35.0,60.06,15.1404,70.0,5.3922,65.432694,1.0,0.4422,142.0,148.0,6.0,2.442000000000004,1.69,2.02,0.33,0.115632,2.0,2.0,0.0,3.0,10.0,10.0,0.0,5.0,5.0,0.0,5.0,19.495,32.95,13.455000000000002,4.345902000000001,194.0,182.0,105.89,139.0,False,0.0199538785219344,8.910075976842311,0.0007077082013108,1.0270690616596685,14550.6472,-20.932927661329185,0.0283295151932608,0.4619999999999999,2.1902,4.0,3.7956198
61.6,3,0.6534278843147114,49.0,83.0,34.0,57.008,11.956319999999998,75.0,4.03908,47.17871256,1.0,0.3542000000000002,139.0,148.0,9.0,2.384640000000001,1.78,2.02,0.24,0.1036425599999999,2.0,2.0,1.0,2.0,10.0,10.0,3.0,5.0,5.0,0.0,5.0,24.26,33.285,9.024999999999997,4.301445599999998,141.0,129.0,110.166,139.0,False,0.0188099582258483,10.433432186771018,0.0077979815438707,1.027131851397008,137.207048,-22.72885997171175,0.0307922443122462,0.36248,2.55836,6.0,3.0725107120000006
62.0,3,0.6268572405261026,49.0,83.0,34.0,60.215,14.810250000000002,75.0,4.488,50.684514,1.0,0.4387500000000001,139.0,148.0,9.0,2.954250000000004,1.78,2.02,0.24,0.1098539999999999,2.0,2.0,1.0,2.0,10.0,10.0,3.0,5.0,5.0,0.0,5.0,24.26,33.285,9.024999999999997,4.3996425,141.0,129.0,98.055,139.0,False,0.0208464406241243,8.940720493540445,0.0010719723104838,1.0270908732472663,14606.296,-19.24581206405808,0.0310689863267868,0.4485,2.5118,6.0,3.04975005
62.5,3,0.6268572405261026,49.0,83.0,34.0,60.215,14.810250000000002,75.0,4.488,50.684514,1.0,0.4387500000000001,139.0,148.0,9.0,2.954250000000004,1.78,2.02,0.24,0.1098539999999999,2.0,2.0,1.0,2.0,10.0,10.0,3.0,5.0,5.0,0.0,5.0,24.26,33.285,9.024999999999997,4.3996425,141.0,129.0,98.055,139.0,False,0.0208464406241243,8.940720493540445,0.0010719723104838,1.0270908732472663,14606.296,-19.24581206405808,0.0310689863267868,0.4485,2.5118,6.0,3.04975005
68.1,2,0.7072481884034769,49.0,83.0,34.0,65.66,16.9932,75.0,5.4978,57.30206999999999,1.0,0.4997999999999999,142.0,148.0,6.0,2.9988,1.78,2.02,0.24,0.119952,2.0,2.0,1.0,2.0,10.0,10.0,3.0,5.0,5.0,0.0,5.0,24.26,32.95,8.690000000000001,4.343262000000001,139.0,127.0,76.77,139.0,False,0.022087356750527,2.800633425909756,-0.0106605503116129,1.027020071121591,16095.7576,-11.80925912257965,0.0310689863267868,0.9996,2.3534,4.0,2.2795878000000003
69.59,4,0.5584465059430491,48.0,83.0,35.0,73.1301,13.61965446,70.0,3.962961639999999,30.85068922720001,1.0,0.4052134200000001,139.0,148.0,9.0,2.332248119999999,1.69,2.33,0.6400000000000001,0.1532661212,2.0,2.0,0.0,3.0,10.0,10.000000000000002,0.0,4.0,3.0,0.0,4.0,19.495,33.285,13.789999999999996,3.8024743061000006,225.0,213.0,114.1614,12.0,False,0.0420724069639885,5.283638786943893,0.0039400770548859,1.0723829498898212,18212.710266,-5.955260352170976,0.0088075011105298,1.1196018,2.13254,7.0,3.30016248824
70.0,4,0.59074359920358,48.0,83.0,35.0,74.844,11.977304000000004,70.0,3.733,29.145925660000003,1.0,0.3574219999999998,139.0,148.0,9.0,2.200953999999985,1.69,2.33,0.6400000000000001,0.1432241400000001,2.0,2.0,0.0,3.0,10.0,10.0,0.0,4.0,3.0,0.0,4.0,19.495,33.285,13.789999999999996,3.3721328500000003,225.0,213.0,104.228,12.0,False,0.0406503957899086,5.777849535659321,0.0044878022005044,1.0723533359140085,18684.213,-6.0261041013224,0.0081180643973312,0.963688,2.16563,7.0,2.969924284
70.0,3,0.6216108107168021,49.0,83.0,34.0,75.26,11.554399999999996,75.0,3.8688,45.77830399999998,1.0,0.3431999999999998,142.0,148.0,6.0,1.9136,1.78,2.33,0.55,0.146744,2.0,2.0,1.0,2.0,10.0,10.0,3.0,5.0,3.0,0.0,5.0,24.26,32.95,8.690000000000001,3.297008000000001,225.0,213.0,95.32,12.0,False,0.0413370999111353,6.616757686583591,0.0049210275972467,1.0723845178732816,18780.1768,-4.9793282965791485,0.0242218659369099,0.6864,2.2158,6.0,2.1467472
71.9,4,0.5380334562088123,48.0,83.0,35.0,70.836,15.300544,70.0,4.036864,31.462884000000027,1.0,0.4561919999999999,139.0,148.0,9.0,2.755232000000004,1.69,2.33,0.6400000000000001,0.14006304,2.0,2.0,0.0,3.0,10.0,10.0,0.0,4.0,3.0,0.0,4.0,19.495,33.285,13.789999999999996,4.0141916,225.0,213.0,115.198,12.0,False,0.0419102836453595,4.915194161014393,0.0068581731678954,1.0725375235100216,175.79692440000002,-6.217223277509935,0.0091058665642598,1.23904,2.17028,7.0,3.360155384
72.0,2,0.7437324787852148,49.0,83.0,34.0,60.458,15.193308,75.0,4.915482000000003,51.232728300000005,1.0,0.4468620000000002,142.0,148.0,6.0,2.681172000000006,1.78,2.02,0.24,0.1072468800000001,2.0,2.0,1.0,2.0,10.0,10.0,3.0,5.0,5.0,0.0,5.0,24.26,32.95,8.690000000000001,3.88323078,139.0,127.0,96.20099999999998,139.0,False,0.0210270412956518,2.7843875060272425,0.0002208594785354,1.0270857081832985,14655.07288,-12.016330991725916,0.0296595899142381,0.893724,2.40542,4.0,2.038137582
72.14,4,0.59074359920358,48.0,83.0,35.0,74.844,11.977304000000004,70.0,3.733,29.145925660000003,1.0,0.3574219999999998,139.0,148.0,9.0,2.2009539999999848,1.69,2.33,0.6400000000000001,0.1432241399999999,2.0,2.0,0.0,3.0,10.0,10.0,0.0,4.0,3.0,0.0,4.0,19.495,33.285,13.789999999999996,3.372132850000001,225.0,213.0,104.228,12.0,False,0.0406503957899086,5.777849535659321,0.0044878022005044,1.0723533359140085,18684.213000000003,-6.0261041013224,0.0081180643973312,0.963688,2.16563,7.0,2.969924284
73.3,2,0.8118177135293366,49.0,83.0,34.0,56.412,11.592368,75.0,3.7504720000000056,39.09014679999999,1.0,0.340952,142.0,148.0,6.0,2.045712000000012,1.78,2.02,0.24,0.08182848,2.0,2.0,1.0,2.0,10.0,10.0,3.0,5.0,5.0,0.0,5.0,24.26,32.95,8.690000000000001,2.9628728800000004,139.0,127.0,111.314,139.0,False,0.0184647391292687,2.907281778247085,0.0086460710445675,1.0271370387356948,135.34540320000002,-12.786665984881306,0.0261023766500002,0.6819040000000001,2.4458800000000003,4.0,1.555082072
75.2,4,0.5302056204907677,49.0,83.0,34.0,70.661,15.238564,75.0,3.18549,41.91542916,1.0,0.461912,139.0,148.0,9.0,3.2549439999999983,1.78,2.33,0.55,0.14091594,2.0,2.0,1.0,2.0,10.0,10.000000000000002,3.0,5.0,3.0,0.0,5.0,24.26,33.285,9.024999999999997,3.0219745,225.0,213.0,112.307,12.0,False,0.0451864435081499,13.548277717940282,0.0051938589448379,1.0725593085479133,175.30719399999998,-5.393534303268825,0.0205571297351213,0.433928,2.4027700000000003,8.0,2.9444687940000005
75.9,4,0.5416899482176127,49.0,83.0,34.0,68.434,16.220976,75.0,3.355020000000001,39.79204272,1.0,0.4907519999999999,139.0,148.0,9.0,3.634127999999999,1.78,2.33,0.55,0.1031615999999999,2.0,2.0,1.0,2.0,10.0,10.000000000000002,3.0,5.0,3.0,0.0,5.0,24.26,33.285,9.024999999999997,2.9107575,225.0,213.0,102.153,12.0,False,0.0409825620364433,11.385904632594446,0.0116590295513736,1.0728157834285827,169.121258,-6.441764363941253,0.0212071313393319,0.4993559999999999,2.47913,8.0,2.942665038
76.18,4,0.6018720794321664,49.0,83.0,34.0,72.99,13.774100000000002,75.0,3.36515,33.1456235,1.0,0.41595,139.0,148.0,9.0,3.098800000000003,1.78,2.33,0.55,0.0999260000000001,2.0,2.0,1.0,2.0,10.0,10.0,3.0,5.0,3.0,0.0,5.0,24.26,33.285,9.024999999999997,2.55112,225.0,213.0,86.055,12.0,False,0.0385228682277356,14.310104041451522,0.0112976438078011,1.0726451454833443,18163.9304,-6.6559470302848185,0.0184741875200714,0.3689,2.3726,8.0,2.50319255
79.4,3,0.5951957661139737,49.0,83.0,34.0,63.673,16.427950000000003,75.0,4.428500000000001,46.12948736,1.0,0.4887500000000002,139.0,148.0,9.0,3.5011500000000004,1.78,2.02,0.24,0.10006656,2.0,2.0,1.0,2.0,10.0,10.000000000000002,3.0,5.0,3.0,0.0,5.0,24.26,33.285,9.024999999999997,4.016900799999999,141.0,129.0,85.47100000000002,12.0,False,0.0219047380175654,20.012506267009247,-0.0060309949475808,1.0270479069695897,155.704936,-18.467908729853665,0.0293940158672562,0.2193,2.51376,6.0,3.0492766020000013
80.7,3,0.6511973587170021,49.0,83.0,34.0,68.723,16.41855,75.0,4.3815,41.04828399999999,1.0,0.48875,139.0,148.0,9.0,3.529349999999998,1.78,2.02,0.24,0.0852465599999999,2.0,2.0,1.0,2.0,10.0,10.0,3.0,5.0,3.0,0.0,5.0,24.26,33.285,9.024999999999997,3.3052698000000005,141.0,129.0,66.321,12.0,False,0.0217601068280138,22.556468573588827,-0.0167295949475807,1.0269837794693264,16963.4696,-17.015208115829996,0.0265574541450338,0.1817,2.43176,6.0,2.5192274020000003
81.0,3,0.6374778427522011,49.0,83.0,34.0,67.523,16.715160000000004,75.0,4.5846,44.06873526000002,1.0,0.4968,139.0,148.0,9.0,3.50892,1.78,2.02,0.24,0.0944103599999999,2.0,2.0,1.0,2.0,10.0,10.0,3.0,5.0,3.0,0.0,5.0,24.26,33.285,9.024999999999997,3.66122295,141.0,129.0,70.74600000000001,12.0,False,0.0219724273990778,14.315985112710353,-0.0142285162761291,1.02699870815631,16630.0092,-17.031192614249953,0.028027757974805,0.2894399999999999,2.43746,6.0,2.6672407920000003
82.9,4,0.5,30.0,83.0,53.0,53.0,15.0,69.0,5.5,75.56249999999999,2.0,0.5,122.0,148.0,26.0,7.875,1.65,2.02,0.3700000000000001,0.1375,2.0,2.0,0.0,3.0,10.0,10.0,0.0,5.0,0.0,0.0,5.0,13.96,33.285,19.325,7.003749999999999,194.0,182.0,121.5,12.0,False,0.0524914326934935,3.129084669354902,-0.010664441186636,1.091546219177243,507.9174,-4.183007313353071,0.0252951265375317,2.0,2.2975,6.0,6.621625
92.55,3,0.6265780079128217,48.0,83.0,35.0,67.07,16.8858,70.0,5.215199999999999,20.82402000000003,1.0,0.4981999999999999,139.0,148.0,9.0,3.3708000000000005,1.69,2.02,0.33,0.1029419999999998,2.0,2.0,0.0,3.0,10.0,10.0,0.0,4.0,3.0,0.0,4.0,19.495,33.285,13.789999999999996,4.500950999999999,194.0,182.0,83.76,12.0,False,0.0196254342803056,4.610205113184304,-0.013516010805675,1.0269773878477162,16523.052200000002,-21.898112303203725,0.0098645734339628,0.9964,2.2154000000000003,5.0,2.33644
92.97,3,0.6592298536929286,48.0,83.0,35.0,79.72800000000001,5.203391999999992,70.0,3.428304,27.53547312000002,1.0,0.1505519999999991,144.0,148.0,4.0,1.1682239999999993,1.69,2.33,0.6400000000000001,0.17080176,2.0,2.0,0.0,3.0,10.0,10.0,0.0,4.0,3.0,0.0,4.0,19.495,32.95,13.455000000000002,3.146557680000001,225.0,213.0,112.55,12.0,False,0.0382203022826232,10.010479225427934,-0.0048434104408801,1.0638561626002818,20034.59884,-5.195366566819637,0.0077642037760741,0.43296,2.03606,5.0,2.641025064
95.0,3,0.63407412815853,50.0,83.0,33.0,77.565,8.545150000000001,80.0,2.6565,28.36313600000002,1.0,0.2619500000000002,139.0,148.0,9.0,2.1591499999999977,1.96,2.33,0.3700000000000001,0.140864,2.0,2.0,2.0,1.0,10.0,10.0,3.0,4.0,3.0,0.0,4.0,28.11,33.285,5.174999999999997,2.139600000000001,225.0,213.0,100.155,12.0,False,0.0412041609229379,6.351170352233275,0.0007423825927649,1.0721952016100635,19441.876,-4.857199530414251,0.0056419466810308,0.7222999999999999,2.2808,7.0,2.35414065
95.1,3,0.6012520270236101,50.0,83.0,33.0,74.66,12.03408,80.0,2.718144,28.57858559999999,1.0,0.3689280000000003,139.0,148.0,9.0,3.039263999999996,1.96,2.33,0.3700000000000001,0.13556736,2.0,2.0,2.0,1.0,10.0,10.0,3.0,4.0,3.0,0.0,4.0,28.11,33.285,5.174999999999997,2.03202432,225.0,213.0,104.82,12.0,False,0.0433431759888405,4.756692270979453,0.0028554140823939,1.072357373121868,186.4416672,-4.682380742886906,0.00547479319009,1.0189439999999998,2.3710400000000003,7.0,2.559641184
96.0,3,0.626737584639696,50.0,83.0,33.0,76.76,9.633599999999996,80.0,2.6832,27.85476,1.0,0.2951999999999998,139.0,148.0,9.0,2.4407999999999994,1.96,2.33,0.3700000000000001,0.1366799999999999,2.0,2.0,2.0,1.0,10.0,10.0,3.0,4.0,3.0,0.0,4.0,28.11,33.285,5.174999999999997,2.0689800000000016,225.0,213.0,99.12,12.0,False,0.0415136037342223,5.770212423609318,0.0021231703601235,1.072261924029828,19219.7608,-4.87198979036001,0.0055412039842272,0.8064,2.3078,7.0,2.390424
97.06,3,0.6138403701289122,50.0,83.0,33.0,75.46,11.202400000000004,80.0,2.72,27.50809600000005,1.0,0.3431999999999998,139.0,148.0,9.0,2.842399999999996,1.96,2.33,0.3700000000000001,0.1323840000000001,2.0,2.0,2.0,1.0,10.0,10.0,3.0,4.0,3.0,0.0,4.0,28.11,33.285,5.174999999999997,1.9927599999999983,225.0,213.0,100.02,12.0,False,0.0421978853967018,5.092893589168074,0.003479392161695,1.0723457474978682,18862.24,-4.837660433634265,0.0054279362477378,0.9328,2.3492,7.0,2.4619704
100.0,3,0.6351377803280167,49.0,83.0,34.0,63.41,16.0638,75.0,3.3948,26.43548799999998,1.0,0.4838,139.0,148.0,9.0,4.059000000000002,1.78,2.02,0.24,0.04674,2.0,2.0,1.0,2.0,10.0,10.0,3.0,5.0,4.0,0.0,5.0,24.26,33.285,9.024999999999997,1.8731159999999991,141.0,129.0,87.87,141.0,False,0.0218080264499919,7.231723440729093,-0.0049640487890323,1.0270543409280748,15525.3824,-17.041740884206778,0.0197185398170776,0.574,2.6720000000000006,6.0,2.3557522000000004
100.4,3,0.6393746945258312,49.0,83.0,34.0,62.42,15.6408,75.0,3.2832000000000017,25.39767999999999,1.0,0.4711999999999999,139.0,148.0,9.0,3.9672,1.78,2.02,0.24,0.044688,2.0,2.0,1.0,2.0,10.0,10.0,3.0,5.0,4.0,0.0,5.0,24.26,33.285,9.024999999999997,1.8755279999999996,141.0,129.0,91.74,141.0,False,0.0215508379288547,7.124788449221717,-0.00283174584,1.0270672204608076,15254.5712,-17.340644495454956,0.0197185398170776,0.5776,2.7008,6.0,2.3607832000000006
101.13,3,0.6893475175845635,49.0,83.0,34.0,68.44,16.3072,75.0,3.1808000000000005,22.751679999999997,1.0,0.4928,139.0,148.0,9.0,4.300800000000001,1.78,2.02,0.24,0.037632,2.0,2.0,1.0,2.0,10.0,10.0,3.0,5.0,3.0,0.0,5.0,24.26,33.285,9.024999999999997,0.6781119999999972,141.0,129.0,68.68,12.0,False,0.0218645143523624,4.430572575491318,-0.0156573508954838,1.026990174921587,16910.5744,-14.260283016942823,0.0118332837815612,0.8064000000000001,2.5776000000000003,6.0,1.6918848000000006
103.3,3,0.6351377803280167,49.0,83.0,34.0,65.39,16.5534,75.0,3.5532,28.086448,1.0,0.4981999999999999,139.0,148.0,9.0,4.1454,1.78,2.02,0.24,0.050196,2.0,2.0,1.0,2.0,10.0,10.0,3.0,5.0,3.0,0.0,5.0,24.26,33.285,9.024999999999997,1.868291999999999,141.0,129.0,80.13,12.0,False,0.0220714784242275,7.648808312974727,-0.0092350121593548,1.027028628281702,16067.0048,-16.637337962910625,0.0197185398170776,0.5451999999999999,2.6144000000000003,6.0,2.3155042000000003
103.4,3,0.6337191807101944,49.0,83.0,34.0,64.4,16.368000000000002,75.0,3.484800000000001,27.33174399999999,1.0,0.4928,139.0,148.0,9.0,4.118399999999999,1.78,2.02,0.24,0.048576,2.0,2.0,1.0,2.0,10.0,10.0,3.0,5.0,3.0,0.0,5.0,24.26,33.285,9.024999999999997,1.870703999999999,141.0,129.0,84.0,12.0,False,0.0219806972474534,7.402887755348425,-0.0070984708954839,1.0270414768781382,15796.1936,-16.81027275541618,0.0197185398170776,0.5631999999999999,2.6432,6.0,2.3406592000000006
103.5,3,0.6393746945258312,49.0,83.0,34.0,66.38,16.62,75.0,3.6,28.6996,1.0,0.5,139.0,148.0,9.0,4.14,1.78,2.02,0.24,0.0516,2.0,2.0,1.0,2.0,10.0,10.0,3.0,5.0,3.0,0.0,5.0,24.26,33.285,9.024999999999997,1.865879999999999,141.0,129.0,76.26,12.0,False,0.0220820189274448,7.9870735015963295,-0.0113736725806452,1.0270157951095482,16337.816,-16.516423146311936,0.0197185398170776,0.52,2.5856,6.0,2.2802872000000005
118.0,2,0.7076722405181654,49.0,50.0,1.0,49.48,0.4991999999999998,75.0,2.4960000000000004,37.604736,0.0,0.0,139.0,142.0,3.0,1.4975999999999998,1.78,1.96,0.1799999999999999,0.0898559999999999,2.0,2.0,1.0,1.0,10.0,10.0,4.0,5.0,5.0,0.0,5.0,24.26,33.285,9.024999999999997,4.505279999999997,141.0,2.0,139.96,139.0,False,0.0,2681849.205505958,0.0239939999999999,1.0,11668.616,0.0,0.0310696417830766,1e-06,2.8176,3.0,3.6721152
119.2,3,0.6897825744392213,49.0,83.0,34.0,69.09,16.1356,75.0,3.213199999999999,23.525843999999992,1.0,0.4871999999999999,139.0,148.0,9.0,4.210799999999999,1.78,2.02,0.24,0.0396719999999999,2.0,2.0,1.0,2.0,10.0,10.0,3.0,5.0,3.0,0.0,5.0,24.26,33.285,9.024999999999997,0.8379449999999972,141.0,129.0,66.08,12.0,False,0.0217207943555316,4.892835827257782,-0.0170871273625807,1.0269816485033405,17087.2232,-14.689844977210916,0.0131688789835066,0.7424,2.5522,6.0,1.7363240000000002
123.3,3,0.6945502141674135,49.0,83.0,34.0,69.1,16.124000000000002,75.0,3.1552,22.652016,1.0,0.4871999999999999,139.0,148.0,9.0,4.2456,1.78,2.02,0.24,0.037584,2.0,2.0,1.0,2.0,10.0,10.0,3.0,5.0,3.0,0.0,5.0,24.26,33.285,9.024999999999997,0.6775759999999993,141.0,129.0,66.1,12.0,False,0.0217207943555316,4.494231048866771,-0.0170871273625807,1.0269816485033405,17091.1152,-14.315850473725874,0.0118332837815612,0.7888,2.5584,6.0,1.6672888000000003
124.5,3,0.6995712972957081,49.0,83.0,34.0,69.11,16.112399999999997,75.0,3.0972000000000004,21.778188000000004,1.0,0.4872000000000001,139.0,148.0,9.0,4.280399999999999,1.78,2.02,0.24,0.035496,2.0,2.0,1.0,2.0,10.0,10.0,3.0,5.0,3.0,0.0,5.0,24.26,33.285,9.024999999999997,0.513596999999995,141.0,129.0,66.12,12.0,False,0.0217207943555316,4.124999669234811,-0.0170871273625807,1.0269816485033405,17095.0072,-13.89269190113602,0.0102949439403934,0.8351999999999999,2.5646,6.0,1.5953112000000005
129.68,3,0.7048404074682438,49.0,83.0,34.0,69.12,16.1008,75.0,3.039200000000001,20.904360000000008,1.0,0.4871999999999999,139.0,148.0,9.0,4.3152,1.78,2.02,0.24,0.033408,2.0,2.0,1.0,2.0,10.0,10.0,3.0,5.0,3.0,0.0,5.0,24.26,33.285,9.024999999999997,0.3460079999999971,141.0,129.0,66.14,12.0,False,0.0217207943555316,3.776152818226958,-0.0170871273625807,1.0269816485033405,17098.8992,-13.405134648768405,0.008443908323281,0.8815999999999999,2.5708,6.0,1.5203912000000002
130.2,3,0.7048404074682438,49.0,83.0,34.0,69.12,16.1008,75.0,3.039200000000001,20.904360000000008,1.0,0.4871999999999999,139.0,148.0,9.0,4.3152,1.78,2.02,0.24,0.033408,2.0,2.0,1.0,2.0,10.0,10.0,3.0,5.0,3.0,0.0,5.0,24.26,33.285,9.024999999999997,0.3460079999999971,141.0,129.0,66.14,12.0,False,0.0217207943555316,3.776152818226958,-0.0170871273625807,1.0269816485033405,17098.8992,-13.405134648768405,0.008443908323281,0.8815999999999999,2.5708,6.0,1.5203912000000002
131.25,4,0.6939740629158989,47.0,83.0,36.0,69.06,16.1704,65.0,3.3872000000000004,31.73,1.0,0.4871999999999999,139.0,148.0,9.0,4.199999999999999,1.78,2.02,0.24,0.034104,1.0,1.98,0.0,3.0,10.0,10.0,0.0,5.0,3.0,0.0,5.0,16.33,33.285,16.955,0.9820879999999992,225.0,213.0,67.82,12.0,False,0.0252567529977096,4.532769985926685,-0.0155782677471327,1.072615595879905,17077.2156,-10.949350419868832,0.0109100701834237,0.8336,2.567,7.0,1.7205072000000003
132.2,3,0.7202791125667883,29.0,83.0,54.0,63.179,15.856799999999998,64.0,2.8928,19.863666620000007,2.0,0.4808,132.0,148.0,16.0,4.325600000000003,1.9,2.02,0.1200000000000001,0.028848,1.0,1.999,0.0,3.0,10.0,10.0,0.0,4.0,4.0,0.0,4.0,11.07,33.285,22.215,0.1871455699999966,225.0,213.0,89.484,141.0,False,0.0226434033705519,2.9534330897505714,-0.0040753846984516,1.1575772751227131,15476.2996,-11.033057301097012,0.0022846754156488,0.999172,2.7563500000000003,6.0,1.3682633100000006
132.4,3,0.6994011724325317,30.0,83.0,53.0,60.835,15.73715,69.0,3.09134,26.700026,2.0,0.4891899999999999,122.0,148.0,26.0,4.65263,1.65,2.02,0.3700000000000001,0.0371614,2.0,2.0,0.0,3.0,10.0,9.999999999999998,0.0,4.0,4.0,0.0,4.0,13.96,33.285,19.325,1.6153082000000034,194.0,182.0,97.537,141.0,False,0.0312153175446805,2.9407967745842987,0.0030181417345621,1.090705110182194,148.41074799999998,-6.920627291704205,0.0024723359358299,1.209116,2.72044,5.0,2.06824961
134.1,3,0.7103520254071216,49.0,83.0,34.0,69.13,16.0892,75.0,2.981199999999999,20.030532,1.0,0.4871999999999999,139.0,148.0,9.0,4.35,1.78,2.02,0.24,0.03132,2.0,2.0,1.0,2.0,10.0,10.0,3.0,5.0,3.0,0.0,5.0,24.26,33.285,9.024999999999997,0.233330999999997,141.0,129.0,66.16,12.0,False,0.0217207943555316,3.4359254867727693,-0.0170871273625807,1.0269816485033405,17102.7912,-12.820963889671894,0.0059975131832828,0.9279999999999998,2.577,6.0,1.4425288
136.3,4,0.704018465666917,29.0,83.0,54.0,62.779,16.1768,64.0,3.0688,23.545255019999995,2.0,0.4967999999999999,122.0,148.0,26.0,4.597599999999997,1.65,2.02,0.3700000000000001,0.033808,1.0,1.999,0.0,3.0,10.0,10.0,0.0,4.0,4.0,0.0,4.0,11.07,33.285,22.215,0.7946359700000036,225.0,213.0,90.544,141.0,False,0.0275603075693365,2.940464216279141,-0.0022212419683979,1.1576962607040266,15369.6976,-8.406930030280762,0.0028466090996524,1.141012,2.72055,6.0,1.7348177100000002
137.01,3,0.7048404074682438,30.0,83.0,53.0,62.8,16.16,69.0,3.0560000000000014,22.596799999999995,2.0,0.4959999999999999,122.0,148.0,26.0,4.591999999999998,1.65,2.02,0.3700000000000001,0.03376,2.0,2.0,0.0,3.0,10.0,10.0,0.0,4.0,4.0,0.0,4.0,13.96,33.285,19.325,0.7521800000000008,194.0,182.0,90.46,141.0,False,0.0268249272054318,3.009390561172369,-0.0023989262096775,1.0905586890119665,15375.214,-8.78912182459759,0.0016871535309713,1.1023999999999998,2.7202,5.0,1.7089040000000002
137.27,4,0.7047992657487662,13.0,83.0,70.0,62.79814999999999,16.161479999999997,69.0,3.056279999999996,22.61969647805001,3.0,0.4960799999999998,121.0,148.0,27.0,4.592719999999997,1.61,2.02,0.4099999999999999,0.0337739999999999,2.0,2.0,0.0,3.0,0.0,9.9995,0.0,5.0,4.0,0.0,5.0,13.96,33.285,19.325,0.7537747559750038,225.0,213.0,90.4642,141.0,False,0.0268350378436901,3.008331628012753,-0.0023952676689303,1.090558840548257,15374.755357693,-8.788479846786604,0.0016893889839093,1.10358396,2.7202125000000006,6.0,1.7092951796250002
138.0,2,0.7161005515987262,50.0,83.0,33.0,69.14,16.0776,80.0,2.9232,19.156704,1.0,0.4871999999999999,139.0,148.0,9.0,4.3848,1.96,2.02,0.06,0.029232,2.0,2.0,2.0,1.0,10.0,10.0,3.0,4.0,3.0,0.0,4.0,32.95,33.285,0.3349999999999937,0.1632119999999966,141.0,129.0,66.18,12.0,False,0.0217207943555316,3.064135200833153,-0.0170871273625807,1.0269816485033405,17106.6832,-11.988199908183748,0.0,0.9744,2.5832,5.0,1.3617240000000004
138.48,3,0.7143514541176493,22.0,83.0,61.0,69.056,16.175040000000003,43.0,3.05196,22.61254224,2.0,0.4906799999999998,139.0,160.0,21.0,4.406022000000003,1.54,2.02,0.48,0.0306936,2.0,2.0,0.0,3.0,2.0,9.976,0.0,4.0,3.0,0.024,8.0,16.69,33.285,16.594999999999995,0.2035668899999966,194.0,182.0,66.339,12.0,False,0.0224618919068951,4.038194323004073,-0.0168036660468997,1.0813328201807393,17085.430300000004,-11.503734280321764,0.004613579936954,0.7649159999999999,2.58833,7.0,1.4242359000000002
138.65,3,0.7158075858776575,22.0,83.0,61.0,69.126,16.09384,43.0,2.9446600000000003,19.736266839999995,2.0,0.48778,139.0,160.0,21.0,4.388389499999999,1.54,2.02,0.48,0.0294756,2.0,2.0,0.0,3.0,2.0,9.996,0.0,4.0,3.0,0.004,8.0,16.69,33.285,16.594999999999995,0.169979302499997,194.0,182.0,66.2065,12.0,False,0.0218461967387285,3.200773904701409,-0.0170398826490726,1.0813265811710393,17103.14105,-11.918318990202405,0.001885448450751,0.939381,2.584055,7.0,1.3721687750000005
138.68,3,0.714932164614238,22.0,83.0,61.0,69.084,16.14256,43.0,3.0090399999999997,21.46633984000001,2.0,0.4895200000000001,139.0,160.0,21.0,4.399032,1.54,2.02,0.48,0.0302064,2.0,2.0,0.0,3.0,2.0,9.984,0.0,4.0,3.0,0.016,8.0,16.69,33.285,16.594999999999995,0.190181639999997,194.0,182.0,66.286,12.0,False,0.0222178268405589,3.6640536670786528,-0.0168981512946952,1.0813303244322436,17092.514600000002,-11.671548299036314,0.0037685430151066,0.8345759999999999,2.58662,7.0,1.4034404000000005
138.7,3,0.7155151989999933,22.0,83.0,61.0,69.112,16.11008,43.0,2.966120000000001,20.31439376,2.0,0.4883599999999999,139.0,160.0,21.0,4.3919580000000025,1.54,2.02,0.48,0.0297192,2.0,2.0,0.0,3.0,2.0,9.992,0.0,4.0,3.0,0.008,8.0,16.69,33.285,16.594999999999995,0.1767300099999973,194.0,182.0,66.23299999999999,12.0,False,0.0219708276486889,3.344514388289219,-0.0169926383999223,1.0813278288765724,17099.5989,-11.838131439898852,0.0026658721676515,0.904404,2.5849100000000003,7.0,1.3826031000000003
138.8,3,0.7356072321558563,47.0,83.0,36.0,61.541,15.021300000000002,65.0,2.761500000000002,20.64130570000001,1.0,0.4549999999999999,139.0,148.0,9.0,4.099392000000002,1.93,2.02,0.09,0.027363,1.0,1.997,0.0,3.0,10.0,10.0,0.0,4.0,4.0,0.0,4.0,16.33,33.285,16.955,0.2175408099999978,225.0,213.0,96.102,141.0,False,0.0217022353186535,3.241082343492637,-0.0004766468487724,1.0728589756762283,15027.21146,-11.76657223433728,0.002635283364116,0.8909079999999999,2.80343,6.0,1.3022631100000004
138.9,3,0.7295203903935791,47.0,83.0,36.0,61.52,15.036,65.0,2.8350000000000004,26.95744,1.0,0.4549999999999999,139.0,148.0,9.0,4.108800000000002,1.93,2.02,0.09,0.02751,1.0,1.99,0.0,3.0,10.0,10.0,0.0,4.0,4.0,0.0,4.0,16.33,33.285,16.955,0.3671039999999976,225.0,213.0,96.69,141.0,False,0.0228135543579193,3.609718231019513,4.813053640678744e-05,1.072872203860783,15019.622200000002,-11.167902386013283,0.0047928103906869,0.8472,2.8021000000000003,6.0,1.372804
138.98,3,0.7131970274755778,22.0,83.0,61.0,69.0,16.24,43.0,3.137799999999999,24.88771599999999,2.0,0.493,139.0,160.0,21.0,4.419750000000001,1.54,2.02,0.48,0.031668,2.0,2.0,0.0,3.0,2.0,9.96,0.0,4.0,3.0,0.04,8.0,16.69,33.285,16.594999999999995,0.2301382499999958,194.0,182.0,66.445,12.0,False,0.0229415926605067,5.026295591691543,-0.0167160884281794,1.0813378122563004,17071.2617,-11.174752023691234,0.0059511331198494,0.6260999999999999,2.59175,7.0,1.4657015000000002
139.0,2,0.7140028011149535,50.0,83.0,33.0,68.81,16.1766,80.0,2.9412,19.274664,1.0,0.4901999999999999,139.0,148.0,9.0,4.4118,1.96,2.02,0.06,0.0294119999999999,2.0,2.0,2.0,1.0,10.0,10.0,3.0,4.0,3.0,0.0,4.0,32.95,33.285,0.3349999999999937,0.1642169999999963,141.0,129.0,67.47,12.0,False,0.0217971587046747,3.0566367041854154,-0.0163721213980646,1.0269859108609405,17016.4128,-11.957245526881032,0.0,0.9804,2.5928,5.0,1.3701090000000002
139.06,3,0.7048404074682438,47.0,83.0,36.0,69.08,16.1472,65.0,3.271199999999999,29.922080000000005,1.0,0.4871999999999999,139.0,148.0,9.0,4.271999999999999,1.93,2.02,0.09,0.0299279999999999,1.0,1.98,0.0,3.0,10.0,10.0,0.0,4.0,3.0,0.0,4.0,16.33,33.285,16.955,0.6568640000000039,225.0,213.0,67.86,12.0,False,0.0252567529977096,3.7098861337725175,-0.0155782677471327,1.072615595879905,17084.999600000003,-9.914425515444306,0.0067404910929224,0.9248,2.5794000000000006,6.0,1.56184
139.18,3,0.7103520254071216,22.0,83.0,61.0,68.86,16.4024,43.0,3.3524000000000003,30.475136000000003,2.0,0.4987999999999999,139.0,160.0,21.0,4.452599999999999,1.54,2.02,0.48,0.034104,2.0,2.0,0.0,3.0,2.0,9.92,0.0,4.0,3.0,0.08,8.0,16.69,33.285,16.594999999999995,0.3246950000000042,194.0,182.0,66.71,12.0,False,0.0240955381886184,11.631035261171746,-0.016345013031672,1.0813502958212902,17035.8402,-10.418347109642314,0.0083985434218574,0.2819999999999999,2.6003000000000003,7.0,1.5686340000000003
