density,formula,composition_obj,0-norm,2-norm,3-norm,5-norm,7-norm,10-norm,MagpieData minimum Number,MagpieData maximum Number,MagpieData range Number,MagpieData mean Number,MagpieData avg_dev Number,MagpieData mode Number,MagpieData minimum MendeleevNumber,MagpieData maximum MendeleevNumber,MagpieData range MendeleevNumber,MagpieData mean MendeleevNumber,MagpieData avg_dev MendeleevNumber,MagpieData mode MendeleevNumber,MagpieData minimum AtomicWeight,MagpieData maximum AtomicWeight,MagpieData range AtomicWeight,MagpieData mean AtomicWeight,MagpieData avg_dev AtomicWeight,MagpieData mode AtomicWeight,MagpieData minimum MeltingT,MagpieData maximum MeltingT,MagpieData range MeltingT,MagpieData mean MeltingT,MagpieData avg_dev MeltingT,MagpieData mode MeltingT,MagpieData minimum Column,MagpieData maximum Column,MagpieData range Column,MagpieData mean Column,MagpieData avg_dev Column,MagpieData mode Column,MagpieData minimum Row,MagpieData maximum Row,MagpieData range Row,MagpieData mean Row,MagpieData avg_dev Row,MagpieData mode Row,MagpieData minimum CovalentRadius,MagpieData maximum CovalentRadius,MagpieData range CovalentRadius,MagpieData mean CovalentRadius,MagpieData avg_dev CovalentRadius,MagpieData mode CovalentRadius,MagpieData minimum Electronegativity,MagpieData maximum Electronegativity,MagpieData range Electronegativity,MagpieData mean Electronegativity,MagpieData avg_dev Electronegativity,MagpieData mode Electronegativity,MagpieData minimum NsValence,MagpieData maximum NsValence,MagpieData range NsValence,MagpieData mean NsValence,MagpieData avg_dev NsValence,MagpieData mode NsValence,MagpieData minimum NpValence,MagpieData maximum NpValence,MagpieData range NpValence,MagpieData mean NpValence,MagpieData avg_dev NpValence,MagpieData mode NpValence,MagpieData minimum NdValence,MagpieData maximum NdValence,MagpieData range NdValence,MagpieData mean NdValence,MagpieData avg_dev NdValence,MagpieData mode NdValence,MagpieData minimum NfValence,MagpieData maximum NfValence,MagpieData range NfValence,MagpieData mean NfValence,MagpieData avg_dev NfValence,MagpieData mode NfValence,MagpieData minimum NValence,MagpieData maximum NValence,MagpieData range NValence,MagpieData mean NValence,MagpieData avg_dev NValence,MagpieData mode NValence,MagpieData minimum NsUnfilled,MagpieData maximum NsUnfilled,MagpieData range NsUnfilled,MagpieData mean NsUnfilled,MagpieData avg_dev NsUnfilled,MagpieData mode NsUnfilled,MagpieData minimum NpUnfilled,MagpieData maximum NpUnfilled,MagpieData range NpUnfilled,MagpieData mean NpUnfilled,MagpieData avg_dev NpUnfilled,MagpieData mode NpUnfilled,MagpieData minimum NdUnfilled,MagpieData maximum NdUnfilled,MagpieData range NdUnfilled,MagpieData mean NdUnfilled,MagpieData avg_dev NdUnfilled,MagpieData mode NdUnfilled,MagpieData minimum NfUnfilled,MagpieData maximum NfUnfilled,MagpieData range NfUnfilled,MagpieData mean NfUnfilled,MagpieData avg_dev NfUnfilled,MagpieData mode NfUnfilled,MagpieData minimum NUnfilled,MagpieData maximum NUnfilled,MagpieData range NUnfilled,MagpieData mean NUnfilled,MagpieData avg_dev NUnfilled,MagpieData mode NUnfilled,MagpieData minimum GSvolume_pa,MagpieData maximum GSvolume_pa,MagpieData range GSvolume_pa,MagpieData mean GSvolume_pa,MagpieData avg_dev GSvolume_pa,MagpieData mode GSvolume_pa,MagpieData minimum GSbandgap,MagpieData maximum GSbandgap,MagpieData range GSbandgap,MagpieData mean GSbandgap,MagpieData avg_dev GSbandgap,MagpieData mode GSbandgap,MagpieData minimum GSmagmom,MagpieData maximum GSmagmom,MagpieData range GSmagmom,MagpieData mean GSmagmom,MagpieData avg_dev GSmagmom,MagpieData mode GSmagmom,MagpieData minimum SpaceGroupNumber,MagpieData maximum SpaceGroupNumber,MagpieData range SpaceGroupNumber,MagpieData mean SpaceGroupNumber,MagpieData avg_dev SpaceGroupNumber,MagpieData mode SpaceGroupNumber,avg s valence electrons,avg p valence electrons,avg d valence electrons,avg f valence electrons,compound possible,max ionic char,avg ionic char,Weight Fraction,Atomic Fraction,Yang delta,Yang omega,APE mean,Radii local mismatch,Radii gamma,Configuration entropy,Atomic weight mean,Total weight,Lambda entropy,Electronegativity delta,Electronegativity local mismatch,VEC mean,Mixing enthalpy,Mean cohesive energy,Interant electrons,Interant s electrons,Interant p electrons,Interant d electrons,Interant f electrons,Shear modulus mean,Shear modulus delta,Shear modulus local mismatch,Shear modulus strength model
9.159,In10.5Sn19Bi53.5Pb17,In10.5 Sn19 Bi53.5 Pb17,4,0.6018720794321664,0.5496526732702322,0.5359786762445838,0.535080277140477,0.535002273400895,49.0,83.0,34.0,72.99,13.774100000000002,83.0,75.0,86.0,11.0,82.855,3.36515,86.0,114.818,208.9804,94.1624,181.63930399999998,37.945609360000006,208.9804,429.75,600.61,170.86,534.44665,33.1456235,544.4,13.0,15.0,2.0,14.43,0.6099,15.0,5.0,6.0,1.0,5.705,0.41595,6.0,139.0,148.0,9.0,145.32,3.098800000000003,148.0,1.78,2.33,0.55,2.0361000000000002,0.09992600000000017,2.02,2.0,2.0,0.0,2.0,0.0,2.0,1.0,3.0,2.0,2.43,0.6099,3.0,10.0,10.0,0.0,10.0,0.0,10.0,0.0,14.0,14.0,9.87,5.823300000000001,14.0,13.0,29.0,16.0,24.3,6.286999999999999,29.0,0.0,0.0,0.0,0.0,0.0,0.0,3.0,5.0,2.0,3.57,0.6099,3.0,0.0,0.0,0.0,0.0,0.0,0.0,0.0,0.0,0.0,0.0,0.0,0.0,3.0,5.0,2.0,3.57,0.6099,3.0,24.26,33.285,9.024999999999995,31.2784,2.55112,32.95,0.0,0.0,0.0,0.0,0.0,0.0,0.0,0.0,0.0,0.0,0.0,0.0,12.0,225.0,213.0,86.055,79.23885,12.0,2.0,2.43,10.0,9.87,False,0.0728361721882469,0.005601434121116524,In0.06637269431510265 Sn0.12417411597216867 Bi0.6155304030453674 Pb0.19392278666736137 ,In0.105Sn0.19Bi0.535Pb0.17,0.03852286822773563,14.310104041451522,0.011297643807801174,3.1490250000000004,1.0726451454833443,-0.009877501114267374,181.63930400000004,18163.930399999997,-6.6559470302848185,0.018474187520071496,0.02876375000000012,14.430000000000001,0.3689,2.3726,8.0,0,8.0,0,0,11.68711,0.40827314260002096,2.50319255,-0.08953106411755199
7.99,Bi33.7In66.3,Bi33.7 In66.3,2,0.7437324787852148,0.6908377418347009,0.6674392501413704,0.6638271879966261,0.6630762873220896,49.0,83.0,34.0,60.458,15.193308,49.0,75.0,86.0,11.0,78.70700000000001,4.915482000000003,75.0,114.818,208.9804,94.1624,146.5507288,42.077598388800006,114.818,429.75,544.4,114.64999999999998,468.38705000000004,51.232728300000005,429.75,13.0,15.0,2.0,13.674000000000001,0.8937240000000005,13.0,5.0,6.0,1.0,5.337000000000001,0.44686200000000026,5.0,142.0,148.0,6.0,144.02200000000002,2.681172000000006,142.0,1.78,2.02,0.24,1.8608800000000003,0.1072468800000001,1.78,2.0,2.0,0.0,2.0,0.0,2.0,1.0,3.0,2.0,1.6740000000000002,0.893724,1.0,10.0,10.0,0.0,10.0,0.0,10.0,0.0,14.0,14.0,4.718000000000001,6.256068,0.0,13.0,29.0,16.0,18.392,7.149792,13.0,0.0,0.0,0.0,0.0,0.0,0.0,3.0,5.0,2.0,4.3260000000000005,0.8937239999999999,5.0,0.0,0.0,0.0,0.0,0.0,0.0,0.0,0.0,0.0,0.0,0.0,0.0,3.0,5.0,2.0,4.3260000000000005,0.8937239999999999,5.0,24.26,32.95,8.690000000000001,27.18853,3.88323078,24.26,0.0,0.0,0.0,0.0,0.0,0.0,0.0,0.0,0.0,0.0,0.0,0.0,12.0,139.0,127.0,96.20099999999998,56.75147400000001,139.0,2.0,1.6740000000000002,10.0,4.718000000000001,False,0.014296815877557045,0.0031943518683384482,Bi0.4805598401090995 In0.5194401598909005 ,Bi0.337In0.6629999999999999,0.021027041295651822,2.7843875060272425,0.00022085947853542343,1.564017,1.0270857081832985,-0.005312858114750805,146.5507288,14655.07288,-12.016330991725916,0.029659589914238133,0.055857750000000095,13.674,0.893724,2.40542,4.0,0,4.0,0,0,6.8021139999999995,0.6338958029920432,2.038137582,-0.1363999169476457
9.437,Sn22Bi50Pb28,Sn22 Bi50 Pb28,3,0.6138403701289122,0.540155419369974,0.5069599976787129,0.5014490355056249,0.5001650061659333,50.0,83.0,33.0,75.46,11.202400000000004,83.0,80.0,86.0,6.0,83.28,2.72,86.0,118.71,208.9804,90.27040000000001,188.62239999999997,30.761456000000017,208.9804,505.08,600.61,95.53000000000003,551.4884000000001,27.50809600000005,544.4,14.0,15.0,1.0,14.5,0.5,15.0,5.0,6.0,1.0,5.78,0.3431999999999998,6.0,139.0,148.0,9.0,145.46,2.8423999999999956,148.0,1.96,2.33,0.3700000000000001,2.0936000000000003,0.13238400000000017,2.02,2.0,2.0,0.0,2.0,0.0,2.0,2.0,3.0,1.0,2.5,0.5,3.0,10.0,10.0,0.0,10.0,0.0,10.0,0.0,14.0,14.0,10.92,4.8048,14.0,14.0,29.0,15.0,25.42,5.024799999999999,29.0,0.0,0.0,0.0,0.0,0.0,0.0,3.0,4.0,1.0,3.5,0.5,3.0,0.0,0.0,0.0,0.0,0.0,0.0,0.0,0.0,0.0,0.0,0.0,0.0,3.0,4.0,1.0,3.5,0.5,3.0,28.11,33.285,5.174999999999997,31.668500000000005,1.9927599999999983,32.95,0.0,0.0,0.0,0.0,0.0,0.0,0.0,0.0,0.0,0.0,0.0,0.0,12.0,225.0,213.0,100.02,88.02,12.0,2.0,2.5,10.0,10.92,False,0.033645949486530435,0.0054949635428969655,Sn0.13845757449804477 Bi0.5539649585627159 Pb0.3075774669392395 ,Sn0.22Bi0.5Pb0.28,0.04219788539670187,5.092893589168074,0.003479392161695083,3.6204,1.0723457474978682,-0.008614235838824499,188.62240000000003,18862.239999999998,-4.837660433634265,0.005427936247737885,0.010080000000000144,14.5,0.9328000000000001,2.3492,7.0,0,7.0,0,0,11.99268,0.38840370830011667,2.4619704000000002,-0.06905587399673851
7.99,Bi0.218In0.782,Bi0.218 In0.782,2,0.8118177135293366,0.7876069225777879,0.7822631438172147,0.7820146161349765,0.7820002216683071,49.0,83.0,34.0,56.412,11.592368,49.0,75.0,86.0,11.0,77.39800000000001,3.7504720000000056,75.0,114.818,208.9804,94.1624,135.34540320000002,32.104858604800015,114.818,429.75,544.4,114.64999999999998,454.7437,39.090146799999985,429.75,13.0,15.0,2.0,13.436,0.6819040000000001,13.0,5.0,6.0,1.0,5.218,0.34095200000000003,5.0,142.0,148.0,6.0,143.30800000000002,2.045712000000012,142.0,1.78,2.02,0.24,1.8323200000000002,0.08182848000000009,1.78,2.0,2.0,0.0,2.0,0.0,2.0,1.0,3.0,2.0,1.436,0.6819040000000001,1.0,10.0,10.0,0.0,10.0,0.0,10.0,0.0,14.0,14.0,3.052,4.773328,0.0,13.0,29.0,16.0,16.488,5.4552320000000005,13.0,0.0,0.0,0.0,0.0,0.0,0.0,3.0,5.0,2.0,4.564,0.6819040000000001,5.0,0.0,0.0,0.0,0.0,0.0,0.0,0.0,0.0,0.0,0.0,0.0,0.0,3.0,5.0,2.0,4.564,0.6819040000000001,5.0,24.26,32.95,8.690000000000001,26.154420000000002,2.9628728800000004,24.26,0.0,0.0,0.0,0.0,0.0,0.0,0.0,0.0,0.0,0.0,0.0,0.0,12.0,139.0,127.0,111.31400000000001,43.300903999999996,139.0,2.0,1.436,10.0,3.052,False,0.014296815877557045,0.002437263983542415,Bi0.33660343183343516 In0.6633965681665648 ,Bi0.218In0.782,0.018464739129268756,2.907281778247085,0.008646071044567575,1.193332,1.0271370387356948,-0.00435957017923239,135.34540320000002,135.34540320000002,-12.786665984881306,0.02610237665000023,0.04261900000000008,13.436,0.6819040000000001,2.4458800000000003,4.0,0,4.0,0,0,5.716596,0.6588464195645438,1.555082072,-0.12818263852173714
8.052,In51.34Sn5.56Bi33.1,In51.34 Sn5.56 Bi33.1,3,0.6815305215849485,0.6176324170570872,0.5826236445929922,0.5741449491686916,0.5711483620366856,49.0,83.0,34.0,61.56622222222223,15.765734320987658,49.0,75.0,86.0,11.0,79.35444444444444,4.967937283950617,75.0,114.818,208.9804,94.1624,149.68927733333334,43.6119146725926,114.818,429.75,544.4,114.64999999999998,476.5694422222223,53.41578141530865,429.75,13.0,15.0,2.0,13.797333333333336,0.9096687407407412,13.0,5.0,6.0,1.0,5.367777777777778,0.4650345679012347,5.0,139.0,148.0,9.0,144.02133333333336,2.926530370370377,142.0,1.78,2.02,0.24,1.879386666666667,0.11338914370370375,1.78,2.0,2.0,0.0,2.0,0.0,2.0,1.0,3.0,2.0,1.7973333333333334,0.9096687407407408,1.0,10.0,10.0,0.0,10.000000000000002,1.7763568394002505e-15,10.0,0.0,14.0,14.0,5.148888888888889,6.510483950617284,0.0,13.0,29.0,16.0,18.946222222222225,7.395112098765432,13.0,0.0,0.0,0.0,0.0,0.0,0.0,3.0,5.0,2.0,4.202666666666667,0.9096687407407408,5.0,0.0,0.0,0.0,0.0,0.0,0.0,0.0,0.0,0.0,0.0,0.0,0.0,3.0,5.0,2.0,4.202666666666667,0.9096687407407408,5.0,24.26,33.285,9.024999999999995,28.013533333333335,4.2823644740740745,24.26,0.0,0.0,0.0,0.0,0.0,0.0,0.0,0.0,0.0,0.0,0.0,0.0,12.0,141.0,129.0,92.41577777777778,59.15027209876545,139.0,2.0,1.7973333333333334,10.000000000000002,5.148888888888889,False,0.014296815877557045,0.003304162766471419,In0.43755498983651686 Sn0.04899242037002551 Bi0.5134525897934576 ,In0.5704444444444445Sn0.06177777777777777Bi0.3677777777777778,0.021421006650347012,4.554112899278859,-0.0019636373736600606,1.6276209876543215,1.0270724721234277,-0.007150828388321288,149.6892773333333,13472.03496,-15.583916175815032,0.030881249666679,0.06125939506172851,13.79733333333333,0.7483051851851854,2.4332577777777775,6.0,0,6.0,0,0,7.991743555555555,0.6355152340601178,2.559236384296297,-0.13813267854391129
9.11,Bi0.405Sn0.285Pb0.163In0.147,Bi0.405 Sn0.285 Pb0.163 In0.147,4,0.5416899482176127,0.4596066580816063,0.4192975267747009,0.40990891688021786,0.40619611791196764,49.0,83.0,34.0,68.434,16.220976,83.0,75.0,86.0,11.0,81.858,3.3550200000000006,86.0,114.818,208.9804,94.1624,169.121258,44.699574911999996,208.9804,429.75,600.61,170.86,525.50248,39.79204272,544.4,13.0,15.0,2.0,14.258,0.6010199999999999,15.0,5.0,6.0,1.0,5.5680000000000005,0.4907519999999999,6.0,139.0,148.0,9.0,144.227,3.634127999999999,148.0,1.78,2.33,0.55,2.0181500000000003,0.10316159999999998,2.02,2.0,2.0,0.0,2.0,0.0,2.0,1.0,3.0,2.0,2.258,0.6010199999999999,3.0,10.0,10.0,0.0,10.000000000000002,1.7763568394002505e-15,10.0,0.0,14.0,14.0,7.952,6.870527999999999,14.0,13.0,29.0,16.0,22.21,7.38744,29.0,0.0,0.0,0.0,0.0,0.0,0.0,3.0,5.0,2.0,3.742,0.6010199999999999,3.0,0.0,0.0,0.0,0.0,0.0,0.0,0.0,0.0,0.0,0.0,0.0,0.0,3.0,5.0,2.0,3.742,0.6010199999999999,3.0,24.26,33.285,9.024999999999995,30.979125,2.9107575,32.95,0.0,0.0,0.0,0.0,0.0,0.0,0.0,0.0,0.0,0.0,0.0,0.0,12.0,225.0,213.0,102.15299999999999,73.02393000000001,12.0,2.0,2.258,10.000000000000002,7.952,False,0.0728361721882469,0.006168335730894845,Bi0.5004519420024655 Sn0.20004788516887687 Pb0.199700501281749 In0.09979967154690865 ,Bi0.405Sn0.285Pb0.163In0.147,0.04098256203644332,11.385904632594446,0.011659029551373627,3.3548039999999997,1.0728157834285827,-0.010819396691931561,169.121258,169.121258,-6.441764363941253,0.021207131339331973,0.035773200000000116,14.258,0.49935599999999997,2.47913,8.0,0,8.0,0,0,11.887214,0.45510521895959005,2.942665038,-0.11098583959093901
8.49,Bi33In51Cd16,Bi33 In51 Cd16,3,0.6281719509815764,0.5568659968783486,0.5213619528168948,0.5134125405537252,0.5106528545007568,48.0,83.0,35.0,60.06,15.140400000000001,49.0,70.0,86.0,16.0,77.83,5.3922,75.0,112.411,208.9804,96.5694,145.506472,41.892792480000004,114.818,429.75,594.22,164.47000000000003,493.8997,65.432694,429.75,12.0,15.0,3.0,13.5,0.99,13.0,5.0,6.0,1.0,5.33,0.44220000000000004,5.0,142.0,148.0,6.0,144.3,2.4420000000000037,142.0,1.69,2.02,0.33000000000000007,1.8448,0.115632,1.78,2.0,2.0,0.0,2.0,0.0,2.0,0.0,3.0,3.0,1.5,0.99,1.0,10.0,10.0,0.0,10.0,0.0,10.0,0.0,14.0,14.0,4.62,6.190799999999999,0.0,12.0,29.0,17.0,18.12,7.180800000000001,13.0,0.0,0.0,0.0,0.0,0.0,0.0,0.0,5.0,5.0,3.54,1.4892,5.0,0.0,0.0,0.0,0.0,0.0,0.0,0.0,0.0,0.0,0.0,0.0,0.0,0.0,5.0,5.0,3.54,1.4892,5.0,19.495,32.95,13.455000000000002,26.3653,4.345902000000001,24.26,0.0,0.0,0.0,0.0,0.0,0.0,0.0,0.0,0.0,0.0,0.0,0.0,12.0,194.0,182.0,105.89,61.9674,139.0,2.0,1.5,10.0,4.62,False,0.0268577401186475,0.003989315597831501,Bi0.4739550829051783 In0.40243694452299 Cd0.12360797257183173 ,Bi0.33In0.51Cd0.16,0.019953878521934466,8.910075976842311,0.000707708201310887,1.6053000000000002,1.0270690616596685,-0.008334597290302358,145.506472,14550.6472,-20.932927661329185,0.028329515193260883,0.0595950000000001,13.5,0.46199999999999997,2.1902,4.0,0,4.0,0,0,10.00258,0.7393218930018285,3.7956198,-0.17480869153614842
9.307,Bi49In21Pb18Sn12,Bi49 In21 Pb18 Sn12,4,0.575325994545701,0.5123205796690619,0.49214001690145853,0.4902523876013816,0.4900124722239607,49.0,83.0,34.0,71.72,14.7552,83.0,75.0,86.0,11.0,82.07,3.8514,86.0,114.818,208.9804,94.1624,178.053376,40.801268160000006,208.9804,429.75,600.61,170.86,525.7229,45.262914,544.4,13.0,15.0,2.0,14.28,0.7056,15.0,5.0,6.0,1.0,5.67,0.44220000000000004,6.0,139.0,148.0,9.0,145.3,2.897999999999996,148.0,1.78,2.33,0.55,2.0182,0.11401199999999995,2.02,2.0,2.0,0.0,2.0,0.0,2.0,1.0,3.0,2.0,2.28,0.7056,3.0,10.0,10.0,0.0,10.0,0.0,10.0,0.0,14.0,14.0,9.38,6.190799999999999,14.0,13.0,29.0,16.0,23.66,6.795599999999999,29.0,0.0,0.0,0.0,0.0,0.0,0.0,3.0,5.0,2.0,3.72,0.7056,3.0,0.0,0.0,0.0,0.0,0.0,0.0,0.0,0.0,0.0,0.0,0.0,0.0,3.0,5.0,2.0,3.72,0.7056,3.0,24.26,33.285,9.024999999999995,30.294100000000004,3.3205979999999995,32.95,0.0,0.0,0.0,0.0,0.0,0.0,0.0,0.0,0.0,0.0,0.0,0.0,12.0,225.0,213.0,92.49,78.8802,12.0,2.0,2.28,10.0,9.38,False,0.0728361721882469,0.007301046988541369,Bi0.5751106679381356 In0.13541883081172243 Pb0.20946527854658595 Sn0.08000522270355605 ,Bi0.49In0.21Pb0.18Sn0.12,0.04007381121874593,35.02258496414528,0.010528406624467466,3.3188999999999997,1.0726655427990253,-0.01031245957223794,178.05337600000004,17805.3376,-6.421566185509998,0.02420406617620234,0.04507500000000012,14.280000000000001,0.15480000000000002,2.3396000000000003,8.0,0,8.0,0,0,10.263460000000002,0.4826137308280071,2.6403318,-0.11455462853314823
7.9,Bi32.5In51Sn16.5,Bi32.5 In51 Sn16.5,3,0.6268572405261026,0.5555593203448578,0.5206285124755474,0.5130799777018993,0.5105611056853053,49.0,83.0,34.0,60.215,14.810250000000002,49.0,75.0,86.0,11.0,79.4,4.488,75.0,114.818,208.9804,94.1624,146.06296,40.896336,114.818,429.75,544.4,114.64999999999998,479.4407,50.684514,429.75,13.0,15.0,2.0,13.815,0.8312999999999999,13.0,5.0,6.0,1.0,5.325,0.4387500000000001,5.0,139.0,148.0,9.0,143.455,2.954250000000004,142.0,1.78,2.02,0.24,1.8877000000000002,0.10985399999999998,1.78,2.0,2.0,0.0,2.0,0.0,2.0,1.0,3.0,2.0,1.815,0.8312999999999999,1.0,10.0,10.0,0.0,10.0,0.0,10.0,0.0,14.0,14.0,4.55,6.1425,0.0,13.0,29.0,16.0,18.365,6.912749999999999,13.0,0.0,0.0,0.0,0.0,0.0,0.0,3.0,5.0,2.0,4.185,0.8313000000000001,5.0,0.0,0.0,0.0,0.0,0.0,0.0,0.0,0.0,0.0,0.0,0.0,0.0,3.0,5.0,2.0,4.185,0.8313000000000001,5.0,24.26,33.285,9.024999999999995,28.573375000000002,4.3996425,24.26,0.0,0.0,0.0,0.0,0.0,0.0,0.0,0.0,0.0,0.0,0.0,0.0,12.0,141.0,129.0,98.055,55.93575,139.0,2.0,1.815,10.0,4.55,False,0.014296815877557045,0.0030967999177352393,Bi0.46499557451115603 In0.40090369248986873 Sn0.13410073299897524 ,Bi0.325In0.51Sn0.165,0.02084644062412433,8.940720493540445,0.0010719723104838236,1.535625,1.0270908732472663,-0.00836373120044437,146.06296,14606.296,-19.245812064058082,0.031068986326786837,0.062475000000000114,13.815,0.4485,2.5118,6.0,0,6.0,0,0,9.12013,0.636348539426815,3.04975005,-0.14232779374311905
9.566,Sn16Bi52Pb32,Sn16 Bi52 Pb32,3,0.63118935352238,0.5619658798195954,0.5291383316813407,0.5224667553573393,0.52040399386591,50.0,83.0,33.0,77.4,8.767999999999995,83.0,80.0,86.0,6.0,83.44,2.6624,86.0,118.71,208.9804,90.27040000000001,193.967408,24.082370559999994,208.9804,505.08,600.61,95.53000000000003,556.096,28.48896000000002,544.4,14.0,15.0,1.0,14.52,0.49920000000000003,15.0,5.0,6.0,1.0,5.84,0.2688000000000001,6.0,139.0,148.0,9.0,145.92,2.2144000000000084,148.0,1.96,2.33,0.3700000000000001,2.1096,0.141056,2.02,2.0,2.0,0.0,2.0,0.0,2.0,2.0,3.0,1.0,2.52,0.49920000000000003,3.0,10.0,10.0,0.0,10.0,0.0,10.0,0.0,14.0,14.0,11.76,3.7632,14.0,14.0,29.0,15.0,26.28,3.9295999999999993,29.0,0.0,0.0,0.0,0.0,0.0,0.0,3.0,4.0,1.0,3.48,0.49920000000000003,3.0,0.0,0.0,0.0,0.0,0.0,0.0,0.0,0.0,0.0,0.0,0.0,0.0,3.0,4.0,1.0,3.48,0.49920000000000003,3.0,28.11,33.285,5.174999999999997,31.4548,2.1406720000000017,32.95,0.0,0.0,0.0,0.0,0.0,0.0,0.0,0.0,0.0,0.0,0.0,0.0,12.0,225.0,213.0,100.8,92.35199999999999,12.0,2.0,2.52,10.0,11.76,False,0.033645949486530435,0.005747638121886924,Sn0.09792160546889403 Bi0.5602477711100825 Pb0.3418306234210234 ,Sn0.16Bi0.52Pb0.32,0.041407688522668726,6.214374677186104,0.0007305727309278476,3.5520000000000005,1.0722008228142943,-0.008296322506083417,193.967408,19396.7408,-4.83864377966888,0.00564194668103086,0.010880000000000155,14.520000000000001,0.7424000000000001,2.2856,7.0,0,7.0,0,0,11.35912,0.39914766714655414,2.3732864000000005,-0.0691736226887858
8.04,Bi31.6In48.8Sn19.6,Bi31.6 In48.8 Sn19.6,3,0.6135275054958824,0.5375129157884314,0.499570115829573,0.49137478060824347,0.48863415587000075,49.0,83.0,34.0,59.94,14.573919999999998,49.0,75.0,86.0,11.0,79.456,4.349056,75.0,114.818,208.9804,94.1624,145.3361504,40.22316574720001,114.818,429.75,544.4,114.64999999999998,480.74407999999994,49.770222079999996,429.75,13.0,15.0,2.0,13.828000000000001,0.808128,13.0,5.0,6.0,1.0,5.316,0.43228799999999995,5.0,139.0,148.0,9.0,143.308,2.9653439999999978,142.0,1.78,2.02,0.24,1.89112,0.10845311999999999,1.78,2.0,2.0,0.0,2.0,0.0,2.0,1.0,3.0,2.0,1.828,0.808128,1.0,10.0,10.0,0.0,10.0,0.0,10.0,0.0,14.0,14.0,4.424,6.0520320000000005,0.0,13.0,29.0,16.0,18.252000000000002,6.792736000000001,13.0,0.0,0.0,0.0,0.0,0.0,0.0,3.0,5.0,2.0,4.172000000000001,0.8081280000000001,5.0,0.0,0.0,0.0,0.0,0.0,0.0,0.0,0.0,0.0,0.0,0.0,0.0,3.0,5.0,2.0,4.172000000000001,0.8081280000000001,5.0,24.26,33.285,9.024999999999995,28.77494,4.40658144,24.26,0.0,0.0,0.0,0.0,0.0,0.0,0.0,0.0,0.0,0.0,0.0,0.0,12.0,141.0,129.0,99.26,55.148320000000005,139.0,2.0,1.828,10.0,4.424,False,0.014296815877557045,0.003032020228400178,Bi0.4543797686827956 In0.3855281968442725 Sn0.16009203447293177 ,Bi0.316In0.488Sn0.196,0.020700647949724947,11.192528232032954,0.0017100844229159238,1.5130080000000001,1.0270947486795896,-0.008592987479127314,145.3361504,14533.61504,-20.052858994112587,0.0310238318804634,0.06246400000000012,13.828,0.369088,2.53408,6.0,0,6.0,0,0,9.494104,0.627297497181334,3.160080992,-0.1421998544597139
9.59,Bi0.416Sn0.194Pb0.232Cd0.158,Bi0.416 Sn0.194 Pb0.232 Cd0.158,4,0.5380334562088123,0.45744672356810046,0.4227579811286002,0.41733701010727536,0.41614368439960503,48.0,83.0,35.0,70.836,15.300544,83.0,70.0,86.0,16.0,81.148,4.036864,86.0,112.411,208.9804,96.5694,175.79692440000002,42.17967877759999,208.9804,505.08,600.61,95.53000000000003,557.6842,31.462884000000027,544.4,12.0,15.0,3.0,14.100000000000001,0.7488000000000001,15.0,5.0,6.0,1.0,5.648000000000001,0.4561919999999999,6.0,139.0,148.0,9.0,145.158,2.755232000000004,148.0,1.69,2.33,0.6400000000000001,2.02814,0.14006304000000006,2.02,2.0,2.0,0.0,2.0,0.0,2.0,0.0,3.0,3.0,2.1,0.7488,3.0,10.0,10.0,0.0,10.0,0.0,10.0,0.0,14.0,14.0,9.072,6.386688,14.0,12.0,29.0,17.0,23.172000000000004,7.0890879999999985,29.0,0.0,0.0,0.0,0.0,0.0,0.0,0.0,4.0,4.0,2.952,0.9328320000000001,3.0,0.0,0.0,0.0,0.0,0.0,0.0,0.0,0.0,0.0,0.0,0.0,0.0,0.0,4.0,4.0,2.952,0.9328320000000001,3.0,19.495,33.285,13.789999999999996,29.76622,4.0141916,32.95,0.0,0.0,0.0,0.0,0.0,0.0,0.0,0.0,0.0,0.0,0.0,0.0,12.0,225.0,213.0,115.198,85.860736,12.0,2.0,2.1,10.0,9.072,False,0.09733158791905794,0.009764672125177674,Bi0.49452427394116566 Sn0.13100195056654812 Pb0.2734427815734869 Cd0.10103099391879918 ,Bi0.416Sn0.194Pb0.232Cd0.158,0.04191028364535955,4.915194161014393,0.006858173167895464,3.5913200000000005,1.0725375235100216,-0.010920377828999411,175.79692440000002,175.79692440000002,-6.217223277509935,0.009105866564259886,0.018546800000000144,14.100000000000001,1.23904,2.17028,7.0,0,7.0,0,0,13.987372,0.4393339720785046,3.360155384,-0.08854779877312105
9.4,Bi0.385Sn0.222Pb0.253In0.14,Bi0.385 Sn0.222 Pb0.253 In0.14,4,0.5302056204907677,0.44301298142672174,0.3988076072892134,0.38899599064166546,0.38572992430592906,49.0,83.0,34.0,70.661,15.238564,83.0,75.0,86.0,11.0,81.863,3.18549,86.0,114.818,208.9804,94.1624,175.30719399999998,42.066128456,208.9804,429.75,600.61,170.86,533.84109,41.915429159999995,544.4,13.0,15.0,2.0,14.245000000000001,0.5813500000000003,15.0,5.0,6.0,1.0,5.638,0.46191200000000004,6.0,139.0,148.0,9.0,144.656,3.2549439999999983,148.0,1.78,2.33,0.55,2.05151,0.14091594,2.02,2.0,2.0,0.0,2.0,0.0,2.0,1.0,3.0,2.0,2.245,0.58135,3.0,10.0,10.0,0.0,10.000000000000002,1.7763568394002505e-15,10.0,0.0,14.0,14.0,8.932,6.466768000000001,14.0,13.0,29.0,16.0,23.177,6.924148000000001,29.0,0.0,0.0,0.0,0.0,0.0,0.0,3.0,5.0,2.0,3.7550000000000003,0.5813499999999999,3.0,0.0,0.0,0.0,0.0,0.0,0.0,0.0,0.0,0.0,0.0,0.0,0.0,3.0,5.0,2.0,3.7550000000000003,0.5813499999999999,3.0,24.26,33.285,9.024999999999995,30.583250000000003,3.0219745,32.95,0.0,0.0,0.0,0.0,0.0,0.0,0.0,0.0,0.0,0.0,0.0,0.0,12.0,225.0,213.0,112.30699999999999,77.23639,12.0,2.0,2.245,10.000000000000002,8.932,False,0.0728361721882469,0.007880101345552453,Bi0.45895123961655565 Sn0.150328228971596 Pb0.29902708955572016 In0.09169344185612828 ,Bi0.385Sn0.222Pb0.253In0.14,0.04518644350814994,13.548277717940282,0.0051938589448379995,3.8845840000000003,1.0725593085479133,-0.011012597500860023,175.30719399999998,175.30719399999998,-5.393534303268825,0.020557129735121388,0.036007550000000145,14.245000000000001,0.433928,2.4027700000000003,8.0,0,8.0,0,0,10.928037999999999,0.49235820847503226,2.9444687940000005,-0.11881250339424362
8.02,Bi0.23In0.582Sn0.188,Bi0.23 In0.582 Sn0.188,3,0.6534278843147114,0.5999528111035922,0.5835233448891036,0.5821555451970248,0.58200612679721,49.0,83.0,34.0,57.007999999999996,11.956319999999998,49.0,75.0,86.0,11.0,78.47,4.03908,75.0,114.818,208.9804,94.1624,137.207048,33.015741919999996,114.818,429.75,544.4,114.64999999999998,470.28154,47.17871256,429.75,13.0,15.0,2.0,13.648,0.7542719999999998,13.0,5.0,6.0,1.0,5.23,0.3542000000000002,5.0,139.0,148.0,9.0,142.816,2.384640000000001,142.0,1.78,2.02,0.24,1.86904,0.10364255999999998,1.78,2.0,2.0,0.0,2.0,0.0,2.0,1.0,3.0,2.0,1.6480000000000001,0.754272,1.0,10.0,10.0,0.0,10.0,0.0,10.0,0.0,14.0,14.0,3.22,4.9588,0.0,13.0,29.0,16.0,16.868000000000002,5.580720000000001,13.0,0.0,0.0,0.0,0.0,0.0,0.0,3.0,5.0,2.0,4.351999999999999,0.7542720000000002,5.0,0.0,0.0,0.0,0.0,0.0,0.0,0.0,0.0,0.0,0.0,0.0,0.0,3.0,5.0,2.0,4.351999999999999,0.7542720000000002,5.0,24.26,33.285,9.024999999999995,27.955399999999997,4.301445599999998,24.26,0.0,0.0,0.0,0.0,0.0,0.0,0.0,0.0,0.0,0.0,0.0,0.0,12.0,141.0,129.0,110.166,45.15636,139.0,2.0,1.6480000000000001,10.0,3.22,False,0.014296815877557045,0.0028353601463070913,Bi0.3503135786435695 In0.48703092861527053 Sn0.16265549274116006 ,Bi0.23In0.582Sn0.188,0.018809958225848366,10.433432186771018,0.007797981543870793,1.2397,1.027131851397008,-0.008041800873282755,137.207048,137.207048,-22.72885997171175,0.030792244312246253,0.06081900000000011,13.648,0.36248,2.55836,6.0,0,6.0,0,0,8.591916000000001,0.6999980441753937,3.0725107120000006,-0.15812423610165155
9.714,Sn15.5Bi52.5Pb32,Sn15.5 Bi52.5 Pb32,3,0.63407412815853,0.5658683491414064,0.5337712131120247,0.5273276813120655,0.5253706759704118,50.0,83.0,33.0,77.565,8.545150000000001,83.0,80.0,86.0,6.0,83.47,2.6565,86.0,118.71,208.9804,90.27040000000001,194.41875999999996,23.469715600000026,208.9804,505.08,600.61,95.53000000000003,556.2926,28.36313600000002,544.4,14.0,15.0,1.0,14.525,0.49875,15.0,5.0,6.0,1.0,5.845,0.2619500000000002,6.0,139.0,148.0,9.0,145.965,2.1591499999999977,148.0,1.96,2.33,0.3700000000000001,2.1099,0.14086400000000004,2.02,2.0,2.0,0.0,2.0,0.0,2.0,2.0,3.0,1.0,2.525,0.49875,3.0,10.0,10.0,0.0,10.0,0.0,10.0,0.0,14.0,14.0,11.83,3.6673,14.0,14.0,29.0,15.0,26.355,3.83005,29.0,0.0,0.0,0.0,0.0,0.0,0.0,3.0,4.0,1.0,3.475,0.49875,3.0,0.0,0.0,0.0,0.0,0.0,0.0,0.0,0.0,0.0,0.0,0.0,0.0,3.0,4.0,1.0,3.475,0.49875,3.0,28.11,33.285,5.174999999999997,31.453125,2.139600000000001,32.95,0.0,0.0,0.0,0.0,0.0,0.0,0.0,0.0,0.0,0.0,0.0,0.0,12.0,225.0,213.0,100.155,92.56275,12.0,2.0,2.525,10.0,11.83,False,0.033645949486530435,0.005730144756939385,Sn0.09464132987989432 Bi0.5643216220492303 Pb0.3410370480708755 ,Sn0.155Bi0.525Pb0.32,0.041204160922937945,6.351170352233275,0.000742382592764932,3.528025,1.0721952016100635,-0.008246470194674699,194.41876000000002,19441.875999999997,-4.857199530414251,0.005641946681030859,0.010880000000000153,14.525,0.7222999999999999,2.2808,7.0,0,7.0,0,0,11.33117,0.3977860633245584,2.35414065,-0.06870491875340304
9.229,In21Sn12Bi49Pb18,In21 Sn12 Bi49 Pb18,4,0.575325994545701,0.5123205796690617,0.49214001690145853,0.4902523876013816,0.4900124722239607,49.0,83.0,34.0,71.72,14.7552,83.0,75.0,86.0,11.0,82.07,3.8514,86.0,114.818,208.9804,94.1624,178.053376,40.801268160000006,208.9804,429.75,600.61,170.86,525.7229,45.262914,544.4,13.0,15.0,2.0,14.28,0.7056,15.0,5.0,6.0,1.0,5.67,0.4422,6.0,139.0,148.0,9.0,145.3,2.897999999999996,148.0,1.78,2.33,0.55,2.0181999999999998,0.1140120000000001,2.02,2.0,2.0,0.0,2.0,0.0,2.0,1.0,3.0,2.0,2.28,0.7056,3.0,10.0,10.0,0.0,10.0,0.0,10.0,0.0,14.0,14.0,9.38,6.190799999999999,14.0,13.0,29.0,16.0,23.66,6.7956,29.0,0.0,0.0,0.0,0.0,0.0,0.0,3.0,5.0,2.0,3.72,0.7056,3.0,0.0,0.0,0.0,0.0,0.0,0.0,0.0,0.0,0.0,0.0,0.0,0.0,3.0,5.0,2.0,3.72,0.7056,3.0,24.26,33.285,9.024999999999995,30.294100000000004,3.3205979999999995,32.95,0.0,0.0,0.0,0.0,0.0,0.0,0.0,0.0,0.0,0.0,0.0,0.0,12.0,225.0,213.0,92.49,78.8802,12.0,2.0,2.28,10.0,9.38,False,0.0728361721882469,0.007301046988541369,In0.13541883081172243 Sn0.08000522270355605 Bi0.5751106679381356 Pb0.20946527854658595 ,In0.21Sn0.12Bi0.49Pb0.18,0.04007381121874593,35.022584964145274,0.010528406624467466,3.3189,1.0726655427990253,-0.010312459572237939,178.053376,17805.3376,-6.421566185509997,0.024204066176202337,0.04507500000000012,14.28,0.15480000000000002,2.3396,8.0,0,8.0,0,0,10.26346,0.4826137308280072,2.6403318000000002,-0.11455462853314811
8.37,Bi0.355In0.645,Bi0.355 In0.645,2,0.7362404498531713,0.6790203598346702,0.6513875058406278,0.6464005930343601,0.6451643418216446,49.0,83.0,34.0,61.07,15.5703,49.0,75.0,86.0,11.0,78.905,5.03745,75.0,114.818,208.9804,94.1624,148.245652,43.12167108,114.818,429.75,544.4,114.64999999999998,470.45074999999997,52.50396749999999,429.75,13.0,15.0,2.0,13.709999999999999,0.9158999999999997,13.0,5.0,6.0,1.0,5.355,0.45795000000000013,5.0,142.0,148.0,6.0,144.13,2.7476999999999987,142.0,1.78,2.02,0.24,1.8652000000000002,0.10990800000000003,1.78,2.0,2.0,0.0,2.0,0.0,2.0,1.0,3.0,2.0,1.71,0.9158999999999999,1.0,10.0,10.0,0.0,10.0,0.0,10.0,0.0,14.0,14.0,4.97,6.411300000000001,0.0,13.0,29.0,16.0,18.68,7.3271999999999995,13.0,0.0,0.0,0.0,0.0,0.0,0.0,3.0,5.0,2.0,4.29,0.9158999999999999,5.0,0.0,0.0,0.0,0.0,0.0,0.0,0.0,0.0,0.0,0.0,0.0,0.0,3.0,5.0,2.0,4.29,0.9158999999999999,5.0,24.26,32.95,8.690000000000001,27.344950000000004,3.9795855000000016,24.26,0.0,0.0,0.0,0.0,0.0,0.0,0.0,0.0,0.0,0.0,0.0,0.0,12.0,139.0,127.0,93.915,58.15965,139.0,2.0,1.71,10.0,4.97,False,0.014296815877557045,0.003273613415563624,Bi0.5004399184672208 In0.4995600815327791 ,Bi0.355In0.645,0.021269284432738334,2.7778881442220267,-0.0010564455166130176,1.602825,1.0270779652530735,-0.005408148996027648,148.245652,148.245652,-11.954815827014224,0.02999143357559034,0.0572437500000001,13.709999999999999,0.9158999999999999,2.3993,4.0,0,4.0,0,0,6.96631,0.6265868917197354,2.0887099499999997,-0.13608839101583486
9.0,Bi0.387Sn0.167Pb0.144In0.302,Bi0.387 Sn0.167 Pb0.144 In0.302,4,0.5381431036443746,0.45330514326340554,0.4085672401108027,0.3962596565927901,0.3901348012432279,49.0,83.0,34.0,67.077,16.622225999999998,83.0,75.0,86.0,11.0,80.956,3.916728,86.0,114.818,208.9804,94.1624,165.21182080000003,45.9694759104,208.9804,429.75,600.61,170.86,511.3035,51.336963,544.4,13.0,15.0,2.0,14.085,0.7082100000000002,15.0,5.0,6.0,1.0,5.531,0.498078,6.0,139.0,148.0,9.0,144.397,3.2503860000000007,148.0,1.78,2.33,0.55,1.98214,0.12948732000000002,2.02,2.0,2.0,0.0,2.0,0.0,2.0,1.0,3.0,2.0,2.085,0.70821,3.0,10.0,10.0,0.0,10.0,0.0,10.0,0.0,14.0,14.0,7.434,6.973091999999999,14.0,13.0,29.0,16.0,21.519,7.656822,29.0,0.0,0.0,0.0,0.0,0.0,0.0,3.0,5.0,2.0,3.915,0.70821,3.0,0.0,0.0,0.0,0.0,0.0,0.0,0.0,0.0,0.0,0.0,0.0,0.0,3.0,5.0,2.0,3.915,0.70821,3.0,24.26,33.285,9.024999999999995,29.684605000000005,3.7299476599999997,32.95,0.0,0.0,0.0,0.0,0.0,0.0,0.0,0.0,0.0,0.0,0.0,0.0,12.0,225.0,213.0,102.569,70.10040599999999,12.0,2.0,2.085,10.0,7.434,False,0.0728361721882469,0.007435458722928636,Bi0.4895255945269504 Sn0.11999486419315583 Pb0.1805972469495354 In0.20988229433035818 ,Bi0.387Sn0.167Pb0.144In0.302,0.0400537745452002,29.15676504814675,0.003856973354603789,3.222441,1.072895804081975,-0.010865881548618905,165.21182080000003,165.21182080000003,-6.772953103396893,0.027373447476607162,0.05451340000000012,14.085,0.19054799999999997,2.4214,8.0,0,8.0,0,0,9.955310000000003,0.549904637030182,2.971002354,-0.1349923508681805
9.33,In19.1Sn8.3Bi44.7Cd5.3Pb22.6,In19.1 Sn8.3 Bi44.7 Cd5.3 Pb22.6,5,0.5450357786420997,0.477021975673308,0.4511702277447441,0.44770253749371747,0.4470578260768489,48.0,83.0,35.0,71.68599999999999,14.776644000000001,83.0,70.0,86.0,16.0,81.42300000000002,4.091838000000001,86.0,112.411,208.9804,96.5694,177.98238980000002,40.9185809292,208.9804,429.75,600.61,170.86,534.58221,44.943271079999974,544.4,12.0,15.0,3.0,14.15,0.7599000000000001,15.0,5.0,6.0,1.0,5.673000000000001,0.44014199999999964,6.0,139.0,148.0,9.0,145.443,2.5377219999999956,148.0,1.69,2.33,0.6400000000000001,2.02175,0.13932899999999998,2.02,2.0,2.0,0.0,2.0,0.0,2.0,0.0,3.0,3.0,2.15,0.7599000000000001,3.0,10.0,10.0,0.0,10.0,0.0,10.0,0.0,14.0,14.0,9.422,6.161988000000001,14.0,12.0,29.0,17.0,23.572000000000003,6.854087999999999,29.0,0.0,0.0,0.0,0.0,0.0,0.0,0.0,5.0,5.0,3.5320000000000005,0.85,3.0,0.0,0.0,0.0,0.0,0.0,0.0,0.0,0.0,0.0,0.0,0.0,0.0,0.0,5.0,5.0,3.5320000000000005,0.85,3.0,19.495,33.285,13.789999999999996,29.51106,3.7008864000000012,32.95,0.0,0.0,0.0,0.0,0.0,0.0,0.0,0.0,0.0,0.0,0.0,0.0,12.0,225.0,213.0,104.74799999999999,82.916712,12.0,2.0,2.15,10.0,9.422,False,0.09733158791905794,0.009457241799639495,In0.12321577446309802 Sn0.055359016198578984 Bi0.524851019839492 Cd0.033474002718441975 Pb0.263100186780389 ,In0.191Sn0.083Bi0.447Cd0.053Pb0.226,0.042187917817570815,243.23043175557862,0.007242762269914445,3.5972910000000002,1.0725549177009208,-0.011427569810026256,177.9823898,17798.238980000002,-6.4206308384929995,0.023079598495660634,0.04485605000000013,14.149999999999997,0.025116000000000013,2.2366599999999996,8.0,0,8.0,0,0,10.484903999999998,0.5411555340454245,3.012321236,-0.12929762192009037
9.37,Bi49In21Pb18Sn12,Bi49 In21 Pb18 Sn12,4,0.575325994545701,0.5123205796690619,0.49214001690145853,0.4902523876013816,0.4900124722239607,49.0,83.0,34.0,71.72,14.7552,83.0,75.0,86.0,11.0,82.07,3.8514,86.0,114.818,208.9804,94.1624,178.053376,40.801268160000006,208.9804,429.75,600.61,170.86,525.7229,45.262914,544.4,13.0,15.0,2.0,14.28,0.7056,15.0,5.0,6.0,1.0,5.67,0.44220000000000004,6.0,139.0,148.0,9.0,145.3,2.897999999999996,148.0,1.78,2.33,0.55,2.0182,0.11401199999999995,2.02,2.0,2.0,0.0,2.0,0.0,2.0,1.0,3.0,2.0,2.28,0.7056,3.0,10.0,10.0,0.0,10.0,0.0,10.0,0.0,14.0,14.0,9.38,6.190799999999999,14.0,13.0,29.0,16.0,23.66,6.795599999999999,29.0,0.0,0.0,0.0,0.0,0.0,0.0,3.0,5.0,2.0,3.72,0.7056,3.0,0.0,0.0,0.0,0.0,0.0,0.0,0.0,0.0,0.0,0.0,0.0,0.0,3.0,5.0,2.0,3.72,0.7056,3.0,24.26,33.285,9.024999999999995,30.294100000000004,3.3205979999999995,32.95,0.0,0.0,0.0,0.0,0.0,0.0,0.0,0.0,0.0,0.0,0.0,0.0,12.0,225.0,213.0,92.49,78.8802,12.0,2.0,2.28,10.0,9.38,False,0.0728361721882469,0.007301046988541369,Bi0.5751106679381356 In0.13541883081172243 Pb0.20946527854658595 Sn0.08000522270355605 ,Bi0.49In0.21Pb0.18Sn0.12,0.04007381121874593,35.02258496414528,0.010528406624467466,3.3188999999999997,1.0726655427990253,-0.01031245957223794,178.05337600000004,17805.3376,-6.421566185509998,0.02420406617620234,0.04507500000000012,14.280000000000001,0.15480000000000002,2.3396000000000003,8.0,0,8.0,0,0,10.263460000000002,0.4826137308280071,2.6403318,-0.11455462853314823
10.417,Bi51.6Cd8.2Pb40.2,Bi51.6 Cd8.2 Pb40.2,3,0.6592298536929286,0.587620669464211,0.5427155240971587,0.5279741995475928,0.5201004558704606,48.0,83.0,35.0,79.72800000000001,5.203391999999992,83.0,70.0,86.0,16.0,82.67800000000001,3.4283039999999994,86.0,112.411,208.9804,96.5694,200.34598839999998,14.421338097600012,208.9804,544.4,600.61,56.210000000000036,571.0816599999999,27.53547312000002,544.4,12.0,15.0,3.0,14.352,0.668736,15.0,5.0,6.0,1.0,5.918000000000001,0.15055199999999913,6.0,144.0,148.0,4.0,146.86800000000002,1.1682239999999993,148.0,1.69,2.33,0.6400000000000001,2.11756,0.17080176000000005,2.02,2.0,2.0,0.0,2.0,0.0,2.0,0.0,3.0,3.0,2.3520000000000003,0.668736,3.0,10.0,10.0,0.0,10.0,0.0,10.0,0.0,14.0,14.0,12.852,2.107728,14.0,12.0,29.0,17.0,27.204000000000004,2.493455999999996,29.0,0.0,0.0,0.0,0.0,0.0,0.0,0.0,4.0,4.0,3.156,0.678576,3.0,0.0,0.0,0.0,0.0,0.0,0.0,0.0,0.0,0.0,0.0,0.0,0.0,0.0,4.0,4.0,3.156,0.678576,3.0,19.495,32.95,13.455000000000002,29.901010000000007,3.1465576800000012,32.95,0.0,0.0,0.0,0.0,0.0,0.0,0.0,0.0,0.0,0.0,0.0,0.0,12.0,225.0,213.0,112.55,103.76760000000002,12.0,2.0,2.3520000000000003,10.0,12.852,False,0.09733158791905794,0.009269008576710295,Bi0.538238310939896 Cd0.046008917241689075 Pb0.41575277181841497 ,Bi0.516Cd0.08199999999999999Pb0.402,0.038220302282623214,10.010479225427934,-0.004843410440880182,3.261132,1.0638561626002818,-0.007589347354354328,200.3459884,20034.59884,-5.195366566819637,0.0077642037760741614,0.016251000000000165,14.352,0.43296,2.03606,5.0,0,5.0,0,0,10.778452,0.49510799486698265,2.641025064,-0.08860285247121699
9.7,Bi0.468Pb0.288Sn0.244,Bi0.468 Pb0.288 Sn0.244,3,0.6012520270236101,0.5203817315369662,0.4793066196027591,0.47088081300916323,0.46843216418778383,50.0,83.0,33.0,74.66,12.034080000000001,83.0,80.0,86.0,6.0,83.096,2.718144,86.0,118.71,208.9804,90.27040000000001,186.44166719999998,33.053053593600005,208.9804,505.08,600.61,95.53000000000003,550.9943999999999,28.57858559999999,544.4,14.0,15.0,1.0,14.468,0.49795199999999995,15.0,5.0,6.0,1.0,5.755999999999999,0.36892800000000037,6.0,139.0,148.0,9.0,145.228,3.0392639999999957,148.0,1.96,2.33,0.3700000000000001,2.09464,0.13556736000000003,2.02,2.0,2.0,0.0,2.0,0.0,2.0,2.0,3.0,1.0,2.468,0.49795199999999995,3.0,10.0,10.0,0.0,10.0,0.0,10.0,0.0,14.0,14.0,10.584,5.164992,14.0,14.0,29.0,15.0,25.052000000000003,5.393375999999998,29.0,0.0,0.0,0.0,0.0,0.0,0.0,3.0,4.0,1.0,3.532,0.49795199999999995,3.0,0.0,0.0,0.0,0.0,0.0,0.0,0.0,0.0,0.0,0.0,0.0,0.0,3.0,4.0,1.0,3.532,0.49795199999999995,3.0,28.11,33.285,5.174999999999997,31.63782,2.03202432,32.95,0.0,0.0,0.0,0.0,0.0,0.0,0.0,0.0,0.0,0.0,0.0,0.0,12.0,225.0,213.0,104.82,86.87952000000001,12.0,2.0,2.468,10.0,10.584,False,0.033645949486530435,0.005666691275625404,Bi0.5245760170932435 Pb0.32006579267491125 Sn0.15535819023184536 ,Bi0.468Pb0.288Sn0.244,0.04334317598884053,4.756692270979453,0.0028554140823939594,3.7519199999999993,1.072357373121868,-0.008796465171625861,186.44166719999998,186.44166719999998,-4.682380742886906,0.005474793190090049,0.010252800000000145,14.468,1.0189439999999998,2.3710400000000003,7.0,0,7.0,0,0,12.067208,0.39754479455199726,2.5596411839999997,-0.07225551714005932
9.72,Bi52Pb26In22,Bi52 Pb26 In22,3,0.6216108107168021,0.5526942186226886,0.5245783765519904,0.5207572762716913,0.5200603040224232,49.0,83.0,34.0,75.26,11.554399999999996,83.0,75.0,86.0,11.0,82.28,3.8688,86.0,114.818,208.9804,94.1624,187.80176799999998,32.11285792,208.9804,429.75,600.61,170.86,533.7916,45.77830399999998,544.4,13.0,15.0,2.0,14.3,0.728,15.0,5.0,6.0,1.0,5.78,0.34319999999999984,6.0,142.0,148.0,6.0,146.16,1.9136000000000002,148.0,1.78,2.33,0.55,2.0478,0.146744,2.02,2.0,2.0,0.0,2.0,0.0,2.0,1.0,3.0,2.0,2.3,0.728,3.0,10.0,10.0,0.0,10.0,0.0,10.0,0.0,14.0,14.0,10.92,4.8048,14.0,13.0,29.0,16.0,25.22,5.3768,29.0,0.0,0.0,0.0,0.0,0.0,0.0,3.0,5.0,2.0,3.7,0.728,3.0,0.0,0.0,0.0,0.0,0.0,0.0,0.0,0.0,0.0,0.0,0.0,0.0,3.0,5.0,2.0,3.7,0.728,3.0,24.26,32.95,8.690000000000001,29.779800000000005,3.297008000000001,32.95,0.0,0.0,0.0,0.0,0.0,0.0,0.0,0.0,0.0,0.0,0.0,0.0,12.0,225.0,213.0,95.32,86.65280000000001,12.0,2.0,2.3,10.0,10.92,False,0.0728361721882469,0.009011256630742159,Bi0.5786410274902205 Pb0.2868556594206291 In0.1345033130891505 ,Bi0.52Pb0.26In0.22,0.04133709991113537,6.616757686583591,0.00492102759724673,3.5100000000000007,1.0723845178732816,-0.008508456251598894,187.801768,18780.176799999997,-4.9793282965791485,0.024221865936909948,0.04680000000000013,14.3,0.6864,2.2157999999999998,6.0,0,6.0,0,0,8.90512,0.4655904397579437,2.1467472,-0.11300998921052119
8.696,In25.2Sn17.3Bi57.5,In25.2 Sn17.3 Bi57.5,3,0.6511973587170021,0.595606894356718,0.5771270786963507,0.5752730361497587,0.5750153788914106,49.0,83.0,34.0,68.723,16.41855,83.0,75.0,86.0,11.0,82.19,4.3815,86.0,114.818,208.9804,94.1624,169.634696,45.2475596,208.9804,429.75,544.4,114.64999999999998,508.70584,41.04828399999999,544.4,13.0,15.0,2.0,14.323,0.7785499999999999,15.0,5.0,6.0,1.0,5.575,0.48875,6.0,139.0,148.0,9.0,144.931,3.529349999999998,148.0,1.78,2.02,0.24,1.94914,0.08524655999999994,2.02,2.0,2.0,0.0,2.0,0.0,2.0,1.0,3.0,2.0,2.323,0.7785499999999999,3.0,10.0,10.0,0.0,10.0,0.0,10.0,0.0,14.0,14.0,8.05,6.8425,14.0,13.0,29.0,16.0,22.373,7.62105,29.0,0.0,0.0,0.0,0.0,0.0,0.0,3.0,5.0,2.0,3.677,0.7785499999999999,3.0,0.0,0.0,0.0,0.0,0.0,0.0,0.0,0.0,0.0,0.0,0.0,0.0,3.0,5.0,2.0,3.677,0.7785499999999999,3.0,24.26,33.285,9.024999999999995,30.818075,3.3052698000000005,32.95,0.0,0.0,0.0,0.0,0.0,0.0,0.0,0.0,0.0,0.0,0.0,0.0,12.0,141.0,129.0,66.321,62.469150000000006,12.0,2.0,2.323,10.0,8.05,False,0.014296815877557045,0.0025127971322300275,In0.17056732309055453 Sn0.12106503259215319 Bi0.7083676443172923 ,In0.252Sn0.17300000000000001Bi0.575,0.021760106828013825,22.556468573588827,-0.016729594947580705,1.7106249999999998,1.0269837794693264,-0.008056739312882845,169.634696,16963.4696,-17.015208115829996,0.026557454145033892,0.04712400000000008,14.323,0.18170000000000003,2.43176,6.0,0,6.0,0,0,11.518325999999998,0.43061907867518756,2.5192274020000003,-0.09034994296669113
9.582,Sn13.3Bi50Cd10Pb26.7,Sn13.3 Bi50 Cd10 Pb26.7,4,0.59074359920358,0.5282257031686425,0.5044282015570027,0.500887331086195,0.5000942857118311,48.0,83.0,35.0,74.844,11.977304000000004,83.0,70.0,86.0,16.0,82.26700000000001,3.733,86.0,112.411,208.9804,96.5694,186.84213000000003,33.00937257999998,208.9804,505.08,600.61,95.53000000000003,559.1605099999999,29.145925660000003,544.4,12.0,15.0,3.0,14.3,0.7,15.0,5.0,6.0,1.0,5.767,0.35742199999999985,6.0,139.0,148.0,9.0,145.86900000000003,2.2009539999999848,148.0,1.69,2.33,0.6400000000000001,2.06179,0.14322413999999992,2.02,2.0,2.0,0.0,2.0,0.0,2.0,0.0,3.0,3.0,2.3,0.7,3.0,10.0,10.0,0.0,10.0,0.0,10.0,0.0,14.0,14.0,10.738,5.003908,14.0,12.0,29.0,17.0,25.038,5.543707999999999,29.0,0.0,0.0,0.0,0.0,0.0,0.0,0.0,4.0,4.0,3.1,0.72,3.0,0.0,0.0,0.0,0.0,0.0,0.0,0.0,0.0,0.0,0.0,0.0,0.0,0.0,4.0,4.0,3.1,0.72,3.0,19.495,33.285,13.789999999999996,30.356775,3.372132850000001,32.95,0.0,0.0,0.0,0.0,0.0,0.0,0.0,0.0,0.0,0.0,0.0,0.0,12.0,225.0,213.0,104.228,92.228,12.0,2.0,2.3,10.0,10.738,False,0.09733158791905794,0.008605577907209755,Sn0.08450144515051289 Bi0.5592432499030062 Cd0.06016362583749179 Pb0.2960916791089889 ,Sn0.133Bi0.5Cd0.1Pb0.267,0.040650395789908665,5.777849535659321,0.00448780220050444,3.472709,1.0723533359140083,-0.0099578639115993,186.84213,18684.213000000003,-6.0261041013224,0.008118064397331263,0.01611555000000015,14.3,0.9636880000000001,2.16563,7.0,0,7.0,0,0,12.731252000000001,0.442246232296456,2.969924284,-0.08283485356570042
8.54,Bi0.425In0.352Sn0.223,Bi0.425 In0.352 Sn0.223,3,0.5951957661139737,0.5084811920206392,0.45648463002512174,0.4401716435727053,0.4311116277437378,49.0,83.0,34.0,63.673,16.427950000000003,83.0,75.0,86.0,11.0,80.79,4.428500000000001,86.0,114.818,208.9804,94.1624,155.70493600000003,45.28414440000001,208.9804,429.75,544.4,114.64999999999998,495.27484,46.12948736,544.4,13.0,15.0,2.0,14.073000000000002,0.7879500000000004,15.0,5.0,6.0,1.0,5.425000000000001,0.4887500000000002,6.0,139.0,148.0,9.0,143.881,3.5011500000000004,148.0,1.78,2.02,0.24,1.92214,0.10006656,2.02,2.0,2.0,0.0,2.0,0.0,2.0,1.0,3.0,2.0,2.0730000000000004,0.7879500000000002,3.0,10.0,10.0,0.0,10.000000000000002,1.7763568394002505e-15,10.0,0.0,14.0,14.0,5.950000000000001,6.8425,14.0,13.0,29.0,16.0,20.023000000000003,7.630450000000001,29.0,0.0,0.0,0.0,0.0,0.0,0.0,3.0,5.0,2.0,3.927,0.7879500000000002,3.0,0.0,0.0,0.0,0.0,0.0,0.0,0.0,0.0,0.0,0.0,0.0,0.0,3.0,5.0,2.0,3.927,0.7879500000000002,3.0,24.26,33.285,9.024999999999995,29.965825000000002,4.016900799999999,32.95,0.0,0.0,0.0,0.0,0.0,0.0,0.0,0.0,0.0,0.0,0.0,0.0,12.0,141.0,129.0,85.47100000000002,62.45035,12.0,2.0,2.0730000000000004,10.000000000000002,5.950000000000001,False,0.014296815877557045,0.0028573122602491923,Bi0.5704165345150009 In0.2595674680473842 Sn0.17001599743761495 ,Bi0.42500000000000004In0.35200000000000004Sn0.22300000000000003,0.02190473801756547,20.012506267009247,-0.0060309949475808875,1.7106250000000005,1.0270479069695895,-0.008861226676394727,155.704936,155.704936,-18.467908729853665,0.029394015867256238,0.057024000000000116,14.072999999999997,0.21930000000000005,2.51376,6.0,0,6.0,0,0,10.885626,0.5228988704769425,3.0492766020000013,-0.11750123376298509
8.47,Bi54In29.7Sn16.3,Bi54 In29.7 Sn16.3,3,0.6374778427522011,0.5728581386440545,0.5455892072308002,0.5411842439813142,0.5401369620634926,49.0,83.0,34.0,67.523,16.715160000000004,83.0,75.0,86.0,11.0,81.755,4.5846,86.0,114.818,208.9804,94.1624,166.300092,46.094732640000004,208.9804,429.75,544.4,114.64999999999998,503.9397899999999,44.06873526000002,544.4,13.0,15.0,2.0,14.243,0.81756,15.0,5.0,6.0,1.0,5.54,0.4968,6.0,139.0,148.0,9.0,144.751,3.50892,148.0,1.78,2.02,0.24,1.93894,0.09441035999999996,2.02,2.0,2.0,0.0,2.0,0.0,2.0,1.0,3.0,2.0,2.243,0.81756,3.0,10.0,10.0,0.0,10.0,0.0,10.0,0.0,14.0,14.0,7.56,6.9552,14.0,13.0,29.0,16.0,21.802999999999997,7.772760000000001,29.0,0.0,0.0,0.0,0.0,0.0,0.0,3.0,5.0,2.0,3.7569999999999997,0.81756,3.0,0.0,0.0,0.0,0.0,0.0,0.0,0.0,0.0,0.0,0.0,0.0,0.0,3.0,5.0,2.0,3.7569999999999997,0.81756,3.0,24.26,33.285,9.024999999999995,30.423675000000003,3.6612229499999995,32.95,0.0,0.0,0.0,0.0,0.0,0.0,0.0,0.0,0.0,0.0,0.0,0.0,12.0,141.0,129.0,70.74600000000001,63.44568,12.0,2.0,2.243,10.0,7.56,False,0.014296815877557045,0.0027626509494423157,Bi0.6785890172568275 In0.20505668752125525 Sn0.11635429522191724 ,Bi0.54In0.297Sn0.163,0.021972427399077895,14.315985112710353,-0.014228516276129111,1.7388000000000001,1.0269987081563101,-0.008222448025036648,166.300092,16630.0092,-17.031192614249953,0.028027757974805074,0.05219775000000009,14.243000000000002,0.2894399999999999,2.43746,6.0,0,6.0,0,0,11.051936,0.4664342363905746,2.6672407920000003,-0.10004783168594383
8.12,Sn51.2Cd30.6Pb18.2,Sn51.2 Cd30.6 Pb18.2,3,0.6236216801875958,0.5527672241173873,0.5201273390766985,0.5140205708531982,0.512298568500152,48.0,82.0,34.0,55.21199999999999,9.750831999999992,50.0,70.0,81.0,11.0,77.12199999999999,4.358664000000005,80.0,112.411,207.2,94.78899999999999,132.88768599999997,27.04968229599998,118.71,505.08,600.61,95.53000000000003,549.7433,45.73521920000001,505.08,12.0,14.0,2.0,13.387999999999998,0.8494560000000005,14.0,5.0,6.0,1.0,5.1819999999999995,0.29775199999999963,5.0,139.0,146.0,7.0,141.804,2.8712959999999996,139.0,1.69,2.33,0.6400000000000001,1.9447199999999998,0.15588864000000008,1.96,2.0,2.0,0.0,2.0,0.0,2.0,0.0,2.0,2.0,1.388,0.849456,2.0,10.0,10.0,0.0,9.999999999999998,1.7763568394002505e-15,10.0,0.0,14.0,14.0,2.5479999999999996,4.168527999999999,0.0,12.0,28.0,16.0,15.935999999999996,4.391295999999997,14.0,0.0,0.0,0.0,0.0,0.0,0.0,0.0,4.0,4.0,2.776,1.698912,4.0,0.0,0.0,0.0,0.0,0.0,0.0,0.0,0.0,0.0,0.0,0.0,0.0,0.0,4.0,4.0,2.776,1.698912,4.0,19.495,33.285,13.789999999999996,28.123409999999996,5.285468159999997,33.285,0.0,0.0,0.0,0.0,0.0,0.0,0.0,0.0,0.0,0.0,0.0,0.0,141.0,225.0,84.0,172.506,32.262144,141.0,2.0,1.388,9.999999999999998,2.5479999999999996,False,0.09733158791905794,0.011385340149962387,Sn0.45737510998573644 Cd0.25884840827162875 Pb0.28377648174263487 ,Sn0.512Cd0.306Pb0.18199999999999997,0.04461278369582931,3.895841273068986,-0.0011694758573074658,3.030604,1.0731229342322552,-0.008440263160925011,132.88768599999997,13288.7686,-4.24069797098547,0.010712856911894358,0.02311100000000014,13.388,1.1910079999999998,2.3320999999999996,4.0,0,4.0,0,0,17.807132,0.3572641110606615,3.1502897039999995,-0.07150501055952463
9.6,Bi52Pb30Sn18,Bi52 Pb30 Sn18,3,0.626737584639696,0.5576774556244743,0.5269742227771064,0.5216094829948641,0.5202133038818327,50.0,83.0,33.0,76.76,9.633599999999996,83.0,80.0,86.0,6.0,83.42,2.6832,86.0,118.71,208.9804,90.27040000000001,192.19760799999997,26.455538880000017,208.9804,505.08,600.61,95.53000000000003,554.1854,27.854760000000002,544.4,14.0,15.0,1.0,14.52,0.49920000000000003,15.0,5.0,6.0,1.0,5.82,0.2951999999999998,6.0,139.0,148.0,9.0,145.78,2.4407999999999994,148.0,1.96,2.33,0.3700000000000001,2.1022,0.13667999999999997,2.02,2.0,2.0,0.0,2.0,0.0,2.0,2.0,3.0,1.0,2.52,0.49920000000000003,3.0,10.0,10.0,0.0,10.0,0.0,10.0,0.0,14.0,14.0,11.48,4.1328,14.0,14.0,29.0,15.0,26.0,4.32,29.0,0.0,0.0,0.0,0.0,0.0,0.0,3.0,4.0,1.0,3.48,0.49920000000000003,3.0,0.0,0.0,0.0,0.0,0.0,0.0,0.0,0.0,0.0,0.0,0.0,0.0,3.0,4.0,1.0,3.48,0.49920000000000003,3.0,28.11,33.285,5.174999999999997,31.5583,2.0689800000000016,32.95,0.0,0.0,0.0,0.0,0.0,0.0,0.0,0.0,0.0,0.0,0.0,0.0,12.0,225.0,213.0,99.12,90.6048,12.0,2.0,2.52,10.0,11.48,False,0.033645949486530435,0.005604320120083147,Bi0.5654066620849933 Pb0.3234171363880866 Sn0.11117620152692015 ,Bi0.52Pb0.3Sn0.18,0.04151360373422233,5.770212423609318,0.0021231703601235653,3.5531999999999995,1.072261924029828,-0.008396286330167762,192.197608,19219.760799999996,-4.87198979036001,0.0055412039842272056,0.010500000000000148,14.52,0.8064,2.3078,7.0,0,7.0,0,0,11.620000000000001,0.3923022041377204,2.390424,-0.06834644987425728
9.16,Bi44.7Pb22.6In19.1Sn8.3Cd5.3,Bi44.7 Pb22.6 In19.1 Sn8.3 Cd5.3,5,0.5450357786420997,0.477021975673308,0.4511702277447441,0.44770253749371747,0.4470578260768489,48.0,83.0,35.0,71.686,14.776644000000001,83.0,70.0,86.0,16.0,81.423,4.091838,86.0,112.411,208.9804,96.5694,177.98238980000002,40.91858092919999,208.9804,429.75,600.61,170.86,534.58221,44.943271079999974,544.4,12.0,15.0,3.0,14.15,0.7598999999999999,15.0,5.0,6.0,1.0,5.673000000000001,0.44014199999999964,6.0,139.0,148.0,9.0,145.44300000000004,2.5377219999999863,148.0,1.69,2.33,0.6400000000000001,2.0217500000000004,0.13932900000000023,2.02,2.0,2.0,0.0,2.0,0.0,2.0,0.0,3.0,3.0,2.15,0.7599000000000001,3.0,10.0,10.0,0.0,10.0,0.0,10.0,0.0,14.0,14.0,9.422,6.161987999999999,14.0,12.0,29.0,17.0,23.572000000000003,6.854087999999999,29.0,0.0,0.0,0.0,0.0,0.0,0.0,0.0,5.0,5.0,3.532,0.8500000000000001,3.0,0.0,0.0,0.0,0.0,0.0,0.0,0.0,0.0,0.0,0.0,0.0,0.0,0.0,5.0,5.0,3.532,0.8500000000000001,3.0,19.495,33.285,13.789999999999996,29.51106,3.7008864000000017,32.95,0.0,0.0,0.0,0.0,0.0,0.0,0.0,0.0,0.0,0.0,0.0,0.0,12.0,225.0,213.0,104.74799999999999,82.916712,12.0,2.0,2.15,10.0,9.422,False,0.09733158791905794,0.009457241799639495,Bi0.524851019839492 Pb0.263100186780389 In0.12321577446309802 Sn0.055359016198578984 Cd0.033474002718441975 ,Bi0.447Pb0.226In0.191Sn0.083Cd0.053,0.042187917817570815,243.23043175557797,0.007242762269914445,3.5972910000000002,1.0725549177009213,-0.011427569810026256,177.98238980000002,17798.238980000002,-6.4206308384929995,0.023079598495660603,0.04485605000000013,14.15,0.025116000000000083,2.23666,8.0,0,8.0,0,0,10.484904,0.5411555340454245,3.0123212359999996,-0.12929762192009048
9.18,Bi45Pb23In19Sn8Cd5,Bi45 Pb23 In19 Sn8 Cd5,5,0.5480875842417889,0.48028339746080045,0.45428210188027945,0.4507362936815479,0.4500628122265782,48.0,83.0,35.0,71.92,14.608799999999997,83.0,70.0,86.0,16.0,81.48,4.0680000000000005,86.0,112.411,208.9804,96.5694,178.62994999999998,40.457628,208.9804,429.75,600.61,170.86,534.8901999999999,44.722908000000025,544.4,12.0,15.0,3.0,14.16,0.7560000000000001,15.0,5.0,6.0,1.0,5.68,0.4352000000000001,6.0,139.0,148.0,9.0,145.48,2.5072000000000036,148.0,1.69,2.33,0.6400000000000001,2.0244,0.140576,2.02,2.0,2.0,0.0,2.0,0.0,2.0,0.0,3.0,3.0,2.16,0.7560000000000001,3.0,10.0,10.0,0.0,10.0,0.0,10.0,0.0,14.0,14.0,9.52,6.0928,14.0,12.0,29.0,17.0,23.68,6.775199999999999,29.0,0.0,0.0,0.0,0.0,0.0,0.0,0.0,5.0,5.0,3.54,0.8399999999999999,3.0,0.0,0.0,0.0,0.0,0.0,0.0,0.0,0.0,0.0,0.0,0.0,0.0,0.0,5.0,5.0,3.54,0.8399999999999999,3.0,19.495,33.285,13.789999999999996,29.539749999999998,3.668465000000001,32.95,0.0,0.0,0.0,0.0,0.0,0.0,0.0,0.0,0.0,0.0,0.0,0.0,12.0,225.0,213.0,104.54,83.286,12.0,2.0,2.16,10.0,9.52,False,0.09733158791905794,0.009451437397402448,Bi0.5264580771589535 Pb0.2667861688367488 In0.12212632875953892 Sn0.05316465687864773 Cd0.03146476836611106 ,Bi0.45Pb0.23In0.19Sn0.08Cd0.05,0.04225409454573354,139.19940641568795,0.006961145289332371,3.6074000000000006,1.0725401238432744,-0.01134642982751225,178.62995,17862.995,-6.3550889279095895,0.023028804691527675,0.04466000000000014,14.160000000000002,0.043599999999999986,2.2359,8.0,0,8.0,0,0,10.4136,0.5390863050201015,2.975003600000001,-0.12841495577859882
8.525,In4Sn40Bi56,In4 Sn40 Bi56,3,0.6893475175845635,0.6211701798999233,0.5794290951767934,0.5672975899032465,0.5619065347495739,49.0,83.0,34.0,68.44,16.3072,83.0,75.0,86.0,11.0,83.16,3.1808000000000005,86.0,114.818,208.9804,94.1624,169.10574400000002,44.65961472000001,208.9804,429.75,544.4,114.64999999999998,524.086,22.751679999999993,544.4,13.0,15.0,2.0,14.52,0.5376000000000001,15.0,5.0,6.0,1.0,5.56,0.4928,6.0,139.0,148.0,9.0,144.16,4.300800000000001,148.0,1.78,2.02,0.24,1.9864000000000002,0.037632000000000006,2.02,2.0,2.0,0.0,2.0,0.0,2.0,1.0,3.0,2.0,2.52,0.5376000000000001,3.0,10.0,10.0,0.0,10.0,0.0,10.0,0.0,14.0,14.0,7.84,6.8992,14.0,13.0,29.0,16.0,22.36,7.436800000000001,29.0,0.0,0.0,0.0,0.0,0.0,0.0,3.0,5.0,2.0,3.48,0.5376000000000001,3.0,0.0,0.0,0.0,0.0,0.0,0.0,0.0,0.0,0.0,0.0,0.0,0.0,3.0,5.0,2.0,3.48,0.5376000000000001,3.0,24.26,33.285,9.024999999999995,32.7364,0.6781119999999972,32.95,0.0,0.0,0.0,0.0,0.0,0.0,0.0,0.0,0.0,0.0,0.0,0.0,12.0,141.0,129.0,68.68,63.4816,12.0,2.0,2.52,10.0,7.84,False,0.014296815877557045,0.0006508345171780111,In0.02715886457410932 Sn0.28079471978196074 Bi0.6920464156439299 ,In0.04Sn0.4Bi0.56,0.021864514352362474,4.430572575491318,-0.015657350895483892,1.7248000000000003,1.026990174921587,-0.006817227945177318,169.10574400000002,16910.5744,-14.260283016942823,0.01183328378156128,0.009600000000000018,14.520000000000001,0.8064000000000001,2.5776000000000003,6.0,0,6.0,0,0,14.721120000000003,0.23849569266211157,1.6918848000000006,-0.03392044481185206
8.282,Bi0.355Sn0.601Zn0.044,Bi0.355 Sn0.601 Zn0.044,3,0.6994011724325317,0.6398061424578871,0.6094050378842534,0.6031312326976523,0.6013100308503374,30.0,83.0,53.0,60.835,15.73715,50.0,69.0,86.0,17.0,81.646,3.0913399999999998,80.0,65.38,208.9804,143.6004,148.409472,43.005358879999996,118.71,505.08,692.68,187.59999999999997,527.293,26.700026,505.08,12.0,15.0,3.0,14.267,0.5204299999999998,14.0,4.0,6.0,2.0,5.311,0.48918999999999996,5.0,122.0,148.0,26.0,141.447,4.65263,139.0,1.65,2.02,0.3700000000000001,1.96766,0.03716140000000002,1.96,2.0,2.0,0.0,2.0,0.0,2.0,0.0,3.0,3.0,2.267,0.52043,2.0,10.0,10.0,0.0,9.999999999999998,1.7763568394002505e-15,10.0,0.0,14.0,14.0,4.97,6.4113,0.0,12.0,29.0,17.0,19.237,6.931729999999999,14.0,0.0,0.0,0.0,0.0,0.0,0.0,0.0,4.0,4.0,3.469,0.638262,4.0,0.0,0.0,0.0,0.0,0.0,0.0,0.0,0.0,0.0,0.0,0.0,0.0,0.0,4.0,4.0,3.469,0.638262,4.0,13.96,33.285,19.324999999999996,32.315774999999995,1.6153082000000034,33.285,0.0,0.0,0.0,0.0,0.0,0.0,0.0,0.0,0.0,0.0,0.0,0.0,12.0,194.0,182.0,97.537,60.731269999999995,141.0,2.0,2.267,9.999999999999998,4.97,False,0.033645949486530435,0.0013452289536982527,Bi0.49988321600535296 Sn0.4807246844413182 Zn0.019392099553328847 ,Bi0.355Sn0.601Zn0.044,0.03121531754468056,2.9407967745842987,0.003018141734562147,2.2337849999999997,1.090705110182194,-0.006743431892511884,148.409472,148.41074799999998,-6.920627291704205,0.0024723359358299673,0.00210320000000003,14.267,1.209116,2.72044,5.0,0,5.0,0,0,17.28011,0.29050501842427634,2.06824961,-0.02928409427435035
9.78,Bi44.39Pb27.38Sn14.22Cd14.01,Bi44.39 Pb27.38 Sn14.22 Cd14.01,4,0.5584465059430491,0.48434190751449124,0.4520953191054944,0.4460637336472547,0.4442534795402844,48.0,83.0,35.0,73.1301,13.619654460000001,83.0,70.0,86.0,16.0,81.5362,3.962961639999999,86.0,112.411,208.9804,96.5694,182.12710266000002,37.570275961835996,208.9804,505.08,600.61,95.53000000000003,561.178776,30.850689227200014,544.4,12.0,15.0,3.0,14.163699999999999,0.7424671399999998,15.0,5.0,6.0,1.0,5.7177,0.4052134200000001,6.0,139.0,148.0,9.0,145.6122,2.332248119999999,148.0,1.69,2.33,0.6400000000000001,2.050113,0.15326612120000008,2.02,2.0,2.0,0.0,2.0,0.0,2.0,0.0,3.0,3.0,2.1637,0.74246714,3.0,10.0,10.0,0.0,10.000000000000002,1.7763568394002505e-15,10.0,0.0,14.0,14.0,10.0478,5.672987879999999,14.0,12.0,29.0,17.0,24.211499999999997,6.325812900000001,29.0,0.0,0.0,0.0,0.0,0.0,0.0,0.0,4.0,4.0,2.9957,0.83939514,3.0,0.0,0.0,0.0,0.0,0.0,0.0,0.0,0.0,0.0,0.0,0.0,0.0,0.0,4.0,4.0,2.9957,0.83939514,3.0,19.495,33.285,13.789999999999996,29.787399500000003,3.8024743061000006,32.95,0.0,0.0,0.0,0.0,0.0,0.0,0.0,0.0,0.0,0.0,0.0,0.0,12.0,225.0,213.0,114.16140000000001,90.69889092,12.0,2.0,2.1637,10.000000000000002,10.0478,False,0.09733158791905794,0.01001563182348721,Bi0.5093497793855477 Pb0.31149323286555375 Sn0.09268561215467808 Cd0.08647137559422041 ,Bi0.4439Pb0.2738Sn0.1422Cd0.1401,0.042072406963988514,5.283638786943893,0.003940077054885988,3.6429945900000003,1.0723829498898212,-0.01054133147831699,182.12710266000002,18212.710266000002,-5.955260352170976,0.00880750111052982,0.018152939000000153,14.1637,1.1196017999999999,2.13254,7.0,0,7.0,0,0,13.1843208,0.46366888309470317,3.30016248824,-0.09212008923328117
9.58,Bi50Pb26.7Sn13.3Cd10,Bi50 Pb26.7 Sn13.3 Cd10,4,0.59074359920358,0.5282257031686425,0.5044282015570027,0.500887331086195,0.5000942857118311,48.0,83.0,35.0,74.844,11.977304000000004,83.0,70.0,86.0,16.0,82.26700000000001,3.7329999999999997,86.0,112.411,208.9804,96.5694,186.84213,33.00937258,208.9804,505.08,600.61,95.53000000000003,559.1605099999999,29.145925660000003,544.4,12.0,15.0,3.0,14.3,0.7,15.0,5.0,6.0,1.0,5.767,0.35742199999999985,6.0,139.0,148.0,9.0,145.86900000000003,2.200953999999985,148.0,1.69,2.33,0.6400000000000001,2.0617900000000002,0.14322414000000014,2.02,2.0,2.0,0.0,2.0,0.0,2.0,0.0,3.0,3.0,2.3,0.7,3.0,10.0,10.0,0.0,10.0,0.0,10.0,0.0,14.0,14.0,10.738,5.003908,14.0,12.0,29.0,17.0,25.037999999999997,5.543708000000001,29.0,0.0,0.0,0.0,0.0,0.0,0.0,0.0,4.0,4.0,3.1,0.72,3.0,0.0,0.0,0.0,0.0,0.0,0.0,0.0,0.0,0.0,0.0,0.0,0.0,0.0,4.0,4.0,3.1,0.72,3.0,19.495,33.285,13.789999999999996,30.356775000000003,3.3721328500000003,32.95,0.0,0.0,0.0,0.0,0.0,0.0,0.0,0.0,0.0,0.0,0.0,0.0,12.0,225.0,213.0,104.228,92.228,12.0,2.0,2.3,10.0,10.738,False,0.09733158791905794,0.008605577907209753,Bi0.5592432499030063 Pb0.296091679108989 Sn0.0845014451505129 Cd0.060163625837491796 ,Bi0.5Pb0.267Sn0.133Cd0.1,0.04065039578990867,5.777849535659321,0.00448780220050444,3.472709,1.0723533359140083,-0.009957863911599302,186.84213,18684.213,-6.0261041013223995,0.008118064397331263,0.016115550000000152,14.3,0.9636880000000001,2.16563,7.0,0,7.0,0,0,12.731252,0.4422462322964561,2.9699242839999997,-0.08283485356570033
8.56,Bi58Sn42,Bi58 Sn42,2,0.7161005515987262,0.6456914244802885,0.6014509897946991,0.5882874228952644,0.5822595147310221,50.0,83.0,33.0,69.14,16.0776,83.0,80.0,86.0,6.0,83.48,2.9231999999999996,86.0,118.71,208.9804,90.27040000000001,171.066832,43.979738880000006,208.9804,505.08,544.4,39.31999999999999,527.8856,19.156704,544.4,14.0,15.0,1.0,14.58,0.48719999999999997,15.0,5.0,6.0,1.0,5.58,0.48719999999999997,6.0,139.0,148.0,9.0,144.22,4.3848,148.0,1.96,2.02,0.06000000000000005,1.9948,0.02923200000000004,2.02,2.0,2.0,0.0,2.0,0.0,2.0,2.0,3.0,1.0,2.58,0.48719999999999997,3.0,10.0,10.0,0.0,10.0,0.0,10.0,0.0,14.0,14.0,8.12,6.820799999999999,14.0,14.0,29.0,15.0,22.7,7.308,29.0,0.0,0.0,0.0,0.0,0.0,0.0,3.0,4.0,1.0,3.42,0.48719999999999997,3.0,0.0,0.0,0.0,0.0,0.0,0.0,0.0,0.0,0.0,0.0,0.0,0.0,3.0,4.0,1.0,3.42,0.48719999999999997,3.0,32.95,33.285,0.33499999999999375,33.0907,0.16321199999999664,32.95,0.0,0.0,0.0,0.0,0.0,0.0,0.0,0.0,0.0,0.0,0.0,0.0,12.0,141.0,129.0,66.18,62.848800000000004,12.0,2.0,2.58,10.0,8.12,False,0.0008995951214726405,0.00021914137159073521,Bi0.708545488233511 Sn0.291454511766489 ,Bi0.58Sn0.42,0.02172079435553167,3.064135200833153,-0.01708712736258071,1.7051999999999998,1.0269816485033403,-0.0056559476895975645,171.06683199999998,17106.6832,-11.988199908183747,0.0,0.0,14.579999999999998,0.9743999999999999,2.5831999999999997,5.0,0,5.0,0,0,15.1978,0.1815389105713318,1.3617240000000004,-0.014790428696525706
9.6,Bi50Pb26.7Sn13.3Cd10,Bi50 Pb26.7 Sn13.3 Cd10,4,0.59074359920358,0.5282257031686425,0.5044282015570027,0.500887331086195,0.5000942857118311,48.0,83.0,35.0,74.844,11.977304000000004,83.0,70.0,86.0,16.0,82.26700000000001,3.7329999999999997,86.0,112.411,208.9804,96.5694,186.84213,33.00937258,208.9804,505.08,600.61,95.53000000000003,559.1605099999999,29.145925660000003,544.4,12.0,15.0,3.0,14.3,0.7,15.0,5.0,6.0,1.0,5.767,0.35742199999999985,6.0,139.0,148.0,9.0,145.86900000000003,2.200953999999985,148.0,1.69,2.33,0.6400000000000001,2.0617900000000002,0.14322414000000014,2.02,2.0,2.0,0.0,2.0,0.0,2.0,0.0,3.0,3.0,2.3,0.7,3.0,10.0,10.0,0.0,10.0,0.0,10.0,0.0,14.0,14.0,10.738,5.003908,14.0,12.0,29.0,17.0,25.037999999999997,5.543708000000001,29.0,0.0,0.0,0.0,0.0,0.0,0.0,0.0,4.0,4.0,3.1,0.72,3.0,0.0,0.0,0.0,0.0,0.0,0.0,0.0,0.0,0.0,0.0,0.0,0.0,0.0,4.0,4.0,3.1,0.72,3.0,19.495,33.285,13.789999999999996,30.356775000000003,3.3721328500000003,32.95,0.0,0.0,0.0,0.0,0.0,0.0,0.0,0.0,0.0,0.0,0.0,0.0,12.0,225.0,213.0,104.228,92.228,12.0,2.0,2.3,10.0,10.738,False,0.09733158791905794,0.008605577907209753,Bi0.5592432499030063 Pb0.296091679108989 Sn0.0845014451505129 Cd0.060163625837491796 ,Bi0.5Pb0.267Sn0.133Cd0.1,0.04065039578990867,5.777849535659321,0.00448780220050444,3.472709,1.0723533359140083,-0.009957863911599302,186.84213,18684.213,-6.0261041013223995,0.008118064397331263,0.016115550000000152,14.3,0.9636880000000001,2.16563,7.0,0,7.0,0,0,12.731252,0.4422462322964561,2.9699242839999997,-0.08283485356570033
6.17,Ga67In20.5Sn12.5,Ga67 In20.5 Sn12.5,3,0.7117232608254419,0.6777573537894838,0.6703891718201352,0.6700247789938225,0.6700004852200129,31.0,50.0,19.0,37.065,8.127099999999999,31.0,74.0,80.0,6.0,74.955,1.2796999999999994,74.0,69.723,118.71,48.986999999999995,85.09084999999999,20.592919,69.723,302.91,505.08,202.16999999999996,354.18345,68.70642299999997,302.91,13.0,14.0,1.0,13.125,0.21875,13.0,4.0,5.0,1.0,4.33,0.44220000000000004,4.0,122.0,142.0,20.0,128.225,8.341499999999996,122.0,1.78,1.96,0.17999999999999994,1.8226000000000002,0.034350000000000123,1.81,2.0,2.0,0.0,2.0,0.0,2.0,1.0,2.0,1.0,1.125,0.21875,1.0,10.0,10.0,0.0,10.0,0.0,10.0,0.0,0.0,0.0,0.0,0.0,0.0,13.0,14.0,1.0,13.125,0.21875,13.0,0.0,0.0,0.0,0.0,0.0,0.0,4.0,5.0,1.0,4.875,0.21875,5.0,0.0,0.0,0.0,0.0,0.0,0.0,0.0,0.0,0.0,0.0,0.0,0.0,4.0,5.0,1.0,4.875,0.21875,5.0,18.8575,33.285,14.427499999999995,21.76845,3.9006729999999994,18.8575,0.0,0.0,0.0,0.0,0.0,0.0,0.0,0.0,0.0,0.0,0.0,0.0,64.0,141.0,77.0,89.0,33.5,64.0,2.0,1.125,10.0,0.0,False,0.008067283394428859,0.000707395690193068,Ga0.5489945158615762 In0.2766183438054738 Sn0.17438714033295002 ,Ga0.67In0.205Sn0.125,0.07006646614792694,1.2667280715154252,-0.022688322145161314,4.6431000000000004,1.0925992695543763,-0.007092864196306721,85.09085,8509.085,-1.4447783213654823,0.021024273317063642,0.038063750000000035,13.125,1.9832,2.7918000000000003,4.0,0,4.0,0,0,28.17414,0.4921352285502481,6.6052212,-0.14908807520878983
6.197,Ga78.55In21.45,Ga78.55 In21.45,2,0.814260707636074,0.7907959451118486,0.7857384065022004,0.7855127055896519,0.7855001811159967,31.0,49.0,18.0,34.861,6.065630999999999,31.0,74.0,75.0,1.0,74.2145,0.33697950000000065,74.0,69.723,114.818,45.095,79.3958775,15.1960905525,69.723,302.91,429.75,126.83999999999997,330.11718,42.74247978,302.91,13.0,13.0,0.0,13.0,0.0,13.0,4.0,5.0,1.0,4.2145,0.33697950000000004,4.0,122.0,142.0,20.0,126.29,6.739590000000003,122.0,1.78,1.81,0.030000000000000027,1.8035649999999999,0.010109385000000115,1.81,2.0,2.0,0.0,2.0,0.0,2.0,1.0,1.0,0.0,1.0,0.0,1.0,10.0,10.0,0.0,10.0,0.0,10.0,0.0,0.0,0.0,0.0,0.0,0.0,13.0,13.0,0.0,13.0,0.0,13.0,0.0,0.0,0.0,0.0,0.0,0.0,5.0,5.0,0.0,5.0,0.0,5.0,0.0,0.0,0.0,0.0,0.0,0.0,0.0,0.0,0.0,0.0,0.0,0.0,5.0,5.0,0.0,5.0,0.0,5.0,18.8575,24.26,5.4025,20.01633625,1.820531748749998,18.8575,0.0,0.0,0.0,0.0,0.0,0.0,0.0,0.0,0.0,0.0,0.0,0.0,64.0,139.0,75.0,80.0875,25.273462500000004,64.0,2.0,1.0,10.0,0.0,False,0.00022497468939830512,3.790592917304808e-05,Ga0.6898017658410539 In0.3101982341589461 ,Ga0.7855In0.2145,0.062236069033969436,0.7056807117932485,-0.00639194381756069,3.53828475,1.0931864581583213,-0.00432210041452068,79.3958775,7939.58775,-1.115862145487954,0.020234898311168554,0.033697949999999956,13.0,2.021877,2.747795,2.0,0,2.0,0,0,30.232340999999998,0.45812689304611964,5.6851811445,-0.13186476261179195
8.773,Sn26Bi53Cd21,Sn26 Bi53 Cd21,3,0.6265780079128217,0.5601041472964314,0.5339863502891922,0.5306315032568392,0.5300478164264741,48.0,83.0,35.0,67.07,16.8858,83.0,70.0,86.0,16.0,81.08,5.215199999999999,86.0,112.411,208.9804,96.5694,165.230522,46.37487068,208.9804,505.08,594.22,89.14000000000004,544.639,20.82402000000003,544.4,12.0,15.0,3.0,14.11,0.9434,15.0,5.0,6.0,1.0,5.53,0.4981999999999999,6.0,139.0,148.0,9.0,144.82,3.3708000000000005,148.0,1.69,2.02,0.33000000000000007,1.9351000000000003,0.10294199999999985,2.02,2.0,2.0,0.0,2.0,0.0,2.0,0.0,3.0,3.0,2.11,0.9434,3.0,10.0,10.0,0.0,10.0,0.0,10.0,0.0,14.0,14.0,7.42,6.9748,14.0,12.0,29.0,17.0,21.53,7.918200000000001,29.0,0.0,0.0,0.0,0.0,0.0,0.0,0.0,4.0,4.0,2.63,1.1046,3.0,0.0,0.0,0.0,0.0,0.0,0.0,0.0,0.0,0.0,0.0,0.0,0.0,0.0,4.0,4.0,2.63,1.1046,3.0,19.495,33.285,13.789999999999996,30.211550000000003,4.500950999999999,32.95,0.0,0.0,0.0,0.0,0.0,0.0,0.0,0.0,0.0,0.0,0.0,0.0,12.0,194.0,182.0,83.76,76.0656,12.0,2.0,2.11,10.0,7.42,False,0.0268577401186475,0.00409930280715757,Sn0.18679720687440543 Bi0.6703338503040013 Cd0.14286894282159318 ,Sn0.26Bi0.53Cd0.21,0.019625434280305682,4.610205113184304,-0.013516010805675042,1.6303,1.0269773878477162,-0.00843422592722306,165.230522,16523.052200000002,-21.898112303203725,0.009864573433962895,0.016590000000000087,14.11,0.9964,2.2154000000000003,5.0,0,5.0,0,0,16.6722,0.2698127855683337,2.33644,-0.02865261907636421
6.37,Ga0.735In0.154Sn0.111,Ga0.735 In0.154 Sn0.111,3,0.7591192264723637,0.7380844479515384,0.7350708927053863,0.7350020494327661,0.7350000124381025,31.0,50.0,19.0,35.881,7.17507,31.0,74.0,80.0,6.0,74.82,1.205399999999997,74.0,69.723,118.71,48.986999999999995,82.105187,18.20181489,69.723,302.91,505.08,202.16999999999996,344.88423,61.70211809999998,302.91,13.0,14.0,1.0,13.110999999999999,0.19735799999999915,13.0,4.0,5.0,1.0,4.265,0.38954999999999984,4.0,122.0,142.0,20.0,126.967,7.301489999999999,122.0,1.78,1.96,0.17999999999999994,1.8220299999999998,0.03062933999999981,1.81,2.0,2.0,0.0,2.0,0.0,2.0,1.0,2.0,1.0,1.111,0.19735799999999998,1.0,10.0,10.0,0.0,10.0,0.0,10.0,0.0,0.0,0.0,0.0,0.0,0.0,13.0,14.0,1.0,13.110999999999999,0.19735799999999915,13.0,0.0,0.0,0.0,0.0,0.0,0.0,4.0,5.0,1.0,4.889,0.1973579999999998,5.0,0.0,0.0,0.0,0.0,0.0,0.0,0.0,0.0,0.0,0.0,0.0,0.0,4.0,5.0,1.0,4.889,0.1973579999999998,5.0,18.8575,33.285,14.427499999999995,21.2909375,3.5771531249999975,18.8575,0.0,0.0,0.0,0.0,0.0,0.0,0.0,0.0,0.0,0.0,0.0,0.0,64.0,141.0,77.0,84.097,29.542589999999997,64.0,2.0,1.111,10.0,0.0,False,0.008067283394428859,0.0006209943689055227,Ga0.6241555116365547 In0.21535755103998483 Sn0.16048693732346045 ,Ga0.735In0.154Sn0.111,0.06640631502522185,1.2908649883701375,-0.013522822439275462,4.090275,1.0929285751102111,-0.00630535347095488,82.105187,82.105187,-1.4298506429270124,0.018690059690761658,0.03099075000000004,13.110999999999999,1.68462,2.80197,4.0,0,4.0,0,0,30.161402,0.422142831608104,5.623306458,-0.11945270578869133
6.2,Ga0.835In0.165,Ga0.835 In0.165,2,0.8511462858991984,0.8371421207994947,0.8350503096714735,0.8350014033581684,0.8350000075798593,31.0,49.0,18.0,33.97,4.959899999999999,31.0,74.0,75.0,1.0,74.16499999999999,0.27554999999999463,74.0,69.723,114.818,45.095,77.163675,12.425927249999999,69.723,302.91,429.75,126.83999999999997,323.83860000000004,34.95076200000001,302.91,13.0,13.0,0.0,13.0,0.0,13.0,4.0,5.0,1.0,4.165,0.2755500000000001,4.0,122.0,142.0,20.0,125.29999999999998,5.510999999999989,122.0,1.78,1.81,0.030000000000000027,1.80505,0.008266500000000012,1.81,2.0,2.0,0.0,2.0,0.0,2.0,1.0,1.0,0.0,1.0,0.0,1.0,10.0,10.0,0.0,10.0,0.0,10.0,0.0,0.0,0.0,0.0,0.0,0.0,13.0,13.0,0.0,13.0,0.0,13.0,0.0,0.0,0.0,0.0,0.0,0.0,5.0,5.0,0.0,5.0,0.0,5.0,0.0,0.0,0.0,0.0,0.0,0.0,0.0,0.0,0.0,0.0,0.0,0.0,5.0,5.0,0.0,5.0,0.0,5.0,18.8575,24.26,5.4025,19.748912500000003,1.488658875000001,18.8575,0.0,0.0,0.0,0.0,0.0,0.0,0.0,0.0,0.0,0.0,0.0,0.0,64.0,139.0,75.0,76.375,20.666249999999998,64.0,2.0,1.0,10.0,0.0,False,0.00022497468939830512,3.099588783185149e-05,Ga0.7544833109620557 In0.24551668903794438 ,Ga0.835In0.165,0.05670382664857482,0.7293529818504851,0.0006062076931269533,2.893275,1.09344098483821,-0.003723581082963572,77.163675,77.163675,-1.158073380235913,0.01825328493038347,0.027554999999999965,13.0,1.6533000000000002,2.76215,2.0,0,2.0,0,0,31.902569999999997,0.39258197964491776,4.64880405,-0.10522094599759119
6.29,Ga0.784In0.149Sn0.067,Ga0.784 In0.149 Sn0.067,3,0.8008408081510333,0.7859521711621927,0.784039588116806,0.7840010067442789,0.7840000048213078,31.0,50.0,19.0,34.955,6.201439999999999,31.0,74.0,80.0,6.0,74.551,0.8639680000000012,74.0,69.723,118.71,48.986999999999995,79.724284,15.682013311999999,69.723,302.91,505.08,202.16999999999996,335.35455,50.873054399999994,302.91,13.0,14.0,1.0,13.067,0.12502200000000016,13.0,4.0,5.0,1.0,4.216,0.3386880000000001,4.0,122.0,142.0,20.0,126.11900000000001,6.458592000000008,122.0,1.78,1.96,0.17999999999999994,1.8155800000000002,0.01935228000000012,1.81,2.0,2.0,0.0,2.0,0.0,2.0,1.0,2.0,1.0,1.0670000000000002,0.12502200000000016,1.0,10.0,10.0,0.0,10.0,0.0,10.0,0.0,0.0,0.0,0.0,0.0,0.0,13.0,14.0,1.0,13.067,0.12502200000000016,13.0,0.0,0.0,0.0,0.0,0.0,0.0,4.0,5.0,1.0,4.933,0.12502200000000016,5.0,0.0,0.0,0.0,0.0,0.0,0.0,0.0,0.0,0.0,0.0,0.0,0.0,4.0,5.0,1.0,4.933,0.12502200000000016,5.0,18.8575,33.285,14.427499999999995,20.629115000000002,2.7778923200000003,18.8575,0.0,0.0,0.0,0.0,0.0,0.0,0.0,0.0,0.0,0.0,0.0,0.0,64.0,141.0,77.0,80.334,25.611712,64.0,2.0,1.0670000000000002,10.0,0.0,False,0.008067283394428859,0.0004014568800222362,Ga0.6856484531112252 In0.21458809213012187 Sn0.09976345475865296 ,Ga0.784In0.149Sn0.067,0.062379452362844715,1.133926697817451,-0.00660387798493981,3.5562240000000003,1.0931787723733741,-0.005450294262948692,79.724284,79.724284,-1.4006732518672957,0.018086010040201793,0.028485350000000013,13.067,1.611904,2.7889,4.0,0,4.0,0,0,31.167432,0.3983954065761281,5.0880832080000005,-0.10923934026296
5.983,Ga74Sn22Cd4,Ga74 Sn22 Cd4,3,0.7730459236035075,0.7464639472343829,0.7403434785650761,0.7400216987669684,0.7400003991538234,31.0,50.0,19.0,35.86,7.1928,31.0,70.0,80.0,10.0,75.16,2.129599999999998,74.0,69.723,118.71,48.986999999999995,82.20765999999999,18.477296799999994,69.723,302.91,594.22,291.31,359.03979999999996,83.07210399999997,302.91,12.0,14.0,2.0,13.18,0.36079999999999984,13.0,4.0,5.0,1.0,4.26,0.3847999999999999,4.0,122.0,144.0,22.0,126.62,6.837600000000002,122.0,1.69,1.96,0.27,1.8381999999999998,0.05359199999999986,1.81,2.0,2.0,0.0,2.0,0.0,2.0,0.0,2.0,2.0,1.18,0.3608,1.0,10.0,10.0,0.0,10.0,0.0,10.0,0.0,0.0,0.0,0.0,0.0,0.0,12.0,14.0,2.0,13.18,0.36079999999999984,13.0,0.0,0.0,0.0,0.0,0.0,0.0,0.0,5.0,5.0,4.58,0.6215999999999999,5.0,0.0,0.0,0.0,0.0,0.0,0.0,0.0,0.0,0.0,0.0,0.0,0.0,0.0,5.0,5.0,4.58,0.6215999999999999,5.0,18.8575,33.285,14.427499999999995,22.057050000000004,4.940298,18.8575,0.0,0.0,0.0,0.0,0.0,0.0,0.0,0.0,0.0,0.0,0.0,0.0,64.0,194.0,130.0,86.14,32.7672,64.0,2.0,1.18,10.0,0.0,False,0.018059929014893283,0.0011784750727856816,Ga0.6276181562642702 Sn0.3176857241770414 Cd0.05469611955868833 ,Ga0.74Sn0.22Cd0.04,0.06703112656085827,2.655680160322124,-0.012886088445867205,4.1172,1.1017582819625018,-0.005692437026156728,82.20766,8220.766,-1.2669083483453512,0.005805237499088196,0.010500000000000115,13.18,0.7696000000000001,2.8166,3.0,0,3.0,0,0,32.7498,0.2452456316344117,3.54302,-0.03315178399082421
6.07,Ga0.916Sn0.084,Ga0.916 Sn0.084,2,0.9198434649439001,0.9162354041153659,0.9160011880737617,0.916000007136481,0.9160000000038525,31.0,50.0,19.0,32.596000000000004,2.923872000000003,31.0,74.0,80.0,6.0,74.504,0.9233280000000041,74.0,69.723,118.71,48.986999999999995,73.837908,7.538511456,69.723,302.91,505.08,202.16999999999996,319.89228,31.111536960000002,302.91,13.0,14.0,1.0,13.084000000000001,0.1538880000000012,13.0,4.0,5.0,1.0,4.0840000000000005,0.15388800000000044,4.0,122.0,139.0,17.0,123.42800000000001,2.6160960000000095,122.0,1.81,1.96,0.1499999999999999,1.8226,0.02308319999999995,1.81,2.0,2.0,0.0,2.0,0.0,2.0,1.0,2.0,1.0,1.084,0.15388800000000008,1.0,10.0,10.0,0.0,10.0,0.0,10.0,0.0,0.0,0.0,0.0,0.0,0.0,13.0,14.0,1.0,13.084000000000001,0.1538880000000012,13.0,0.0,0.0,0.0,0.0,0.0,0.0,4.0,5.0,1.0,4.916,0.1538879999999997,5.0,0.0,0.0,0.0,0.0,0.0,0.0,0.0,0.0,0.0,0.0,0.0,0.0,4.0,5.0,1.0,4.916,0.1538879999999997,5.0,18.8575,33.285,14.427499999999995,20.069410000000005,2.220219120000002,18.8575,0.0,0.0,0.0,0.0,0.0,0.0,0.0,0.0,0.0,0.0,0.0,0.0,64.0,141.0,77.0,70.468,11.849376000000003,64.0,2.0,1.084,10.0,0.0,False,0.005609209308919061,0.0004315950010654683,Ga0.8649522952356669 Sn0.13504770476433325 ,Ga0.916Sn0.084,0.0429063972657614,2.492424345741898,0.012075833598112613,1.6158240000000004,1.0938612699419223,-0.00239802096954343,73.837908,73.837908,-1.302593412188406,0.0033793164948269583,0.0038472000000000553,13.084000000000001,0.30777600000000005,2.83772,3.0,0,3.0,0,0,35.87148,0.14715562676870114,1.4642443200000002,-0.013356795621086048
6.0,Ga0.95Sn0.05,Ga0.95 Sn0.05,2,0.9513148795220223,0.9500461658082173,0.9500000767335914,0.9500000001518274,0.9500000000000155,31.0,50.0,19.0,31.95,1.8049999999999993,31.0,74.0,80.0,6.0,74.3,0.5699999999999974,74.0,69.723,118.71,48.986999999999995,72.17235,4.6537649999999955,69.723,302.91,505.08,202.16999999999996,313.0185,19.20614999999999,302.91,13.0,14.0,1.0,13.049999999999999,0.09499999999999904,13.0,4.0,5.0,1.0,4.05,0.09499999999999983,4.0,122.0,139.0,17.0,122.85,1.6149999999999949,122.0,1.81,1.96,0.1499999999999999,1.8175000000000001,0.01425000000000005,1.81,2.0,2.0,0.0,2.0,0.0,2.0,1.0,2.0,1.0,1.05,0.09500000000000004,1.0,10.0,10.0,0.0,10.0,0.0,10.0,0.0,0.0,0.0,0.0,0.0,0.0,13.0,14.0,1.0,13.049999999999999,0.09499999999999904,13.0,0.0,0.0,0.0,0.0,0.0,0.0,4.0,5.0,1.0,4.95,0.09499999999999983,5.0,0.0,0.0,0.0,0.0,0.0,0.0,0.0,0.0,0.0,0.0,0.0,0.0,4.0,5.0,1.0,4.95,0.09499999999999983,5.0,18.8575,33.285,14.427499999999995,19.578875,1.3706124999999982,18.8575,0.0,0.0,0.0,0.0,0.0,0.0,0.0,0.0,0.0,0.0,0.0,0.0,64.0,141.0,77.0,67.85,7.314999999999995,64.0,2.0,1.05,10.0,0.0,False,0.005609209308919061,0.0002664374421736554,Ga0.9177593635235654 Sn0.08224063647643455 ,Ga0.95Sn0.05,0.033889995488468785,2.719069357450778,0.016896941556331157,0.9975,1.0940391035390757,-0.0016504557331775847,72.17235,72.17235,-1.4370135345840163,0.0026562455475568226,0.0023750000000000338,13.049999999999999,0.19,2.8265,3.0,0,3.0,0,0,36.518499999999996,0.11357236317972949,0.9039249999999999,-0.008223250196715534
5.91,Ga,Ga1,1,1.0,1.0,1.0,1.0,1.0,31.0,31.0,0.0,31.0,0.0,31.0,74.0,74.0,0.0,74.0,0.0,74.0,69.723,69.723,0.0,69.723,0.0,69.723,302.91,302.91,0.0,302.91,0.0,302.91,13.0,13.0,0.0,13.0,0.0,13.0,4.0,4.0,0.0,4.0,0.0,4.0,122.0,122.0,0.0,122.0,0.0,122.0,1.81,1.81,0.0,1.81,0.0,1.81,2.0,2.0,0.0,2.0,0.0,2.0,1.0,1.0,0.0,1.0,0.0,1.0,10.0,10.0,0.0,10.0,0.0,10.0,0.0,0.0,0.0,0.0,0.0,0.0,13.0,13.0,0.0,13.0,0.0,13.0,0.0,0.0,0.0,0.0,0.0,0.0,5.0,5.0,0.0,5.0,0.0,5.0,0.0,0.0,0.0,0.0,0.0,0.0,0.0,0.0,0.0,0.0,0.0,0.0,5.0,5.0,0.0,5.0,0.0,5.0,18.8575,18.8575,0.0,18.8575,0.0,18.8575,0.0,0.0,0.0,0.0,0.0,0.0,0.0,0.0,0.0,0.0,0.0,0.0,64.0,64.0,0.0,64.0,0.0,64.0,2.0,1.0,10.0,0.0,True,0.0,0.0,Ga1.0 ,Ga1.0,0.0,0.0,0.02399399999999996,0.0,1.0,0.0,69.723,69.723,0.0,0.0,0.0,13.0,1e-06,2.81,1.0,0,1.0,0,0,37.47,0.0,0.0,0.0
6.16,Ga86.5Sn13.5,Ga86.5 Sn13.5,2,0.8754713016427209,0.8660947080877957,0.8650160183700908,0.8650002787027634,0.8650000007416393,31.0,50.0,19.0,33.565,4.437449999999998,31.0,74.0,80.0,6.0,74.81,1.4013000000000018,74.0,69.723,118.71,48.986999999999995,76.336245,11.440913850000005,69.723,302.91,505.08,202.16999999999996,330.20295000000004,47.216803500000005,302.91,13.0,14.0,1.0,13.135,0.2335499999999998,13.0,4.0,5.0,1.0,4.135,0.2335499999999998,4.0,122.0,139.0,17.0,124.295,3.9703500000000016,122.0,1.81,1.96,0.1499999999999999,1.8302500000000002,0.035032500000000064,1.81,2.0,2.0,0.0,2.0,0.0,2.0,1.0,2.0,1.0,1.135,0.23355,1.0,10.0,10.0,0.0,10.0,0.0,10.0,0.0,0.0,0.0,0.0,0.0,0.0,13.0,14.0,1.0,13.135,0.2335499999999998,13.0,0.0,0.0,0.0,0.0,0.0,0.0,4.0,5.0,1.0,4.865,0.2335499999999998,5.0,0.0,0.0,0.0,0.0,0.0,0.0,0.0,0.0,0.0,0.0,0.0,0.0,4.0,5.0,1.0,4.865,0.2335499999999998,5.0,18.8575,33.285,14.427499999999995,20.805212500000003,3.3695426250000002,18.8575,0.0,0.0,0.0,0.0,0.0,0.0,0.0,0.0,0.0,0.0,0.0,0.0,64.0,141.0,77.0,74.395,17.983349999999994,64.0,2.0,1.135,10.0,0.0,False,0.005609209308919061,0.0006550154170490234,Ga0.790062374695009 Sn0.20993762530499108 ,Ga0.865Sn0.135,0.05244414822547995,2.3261478581810713,0.004851596689275328,2.452275,1.0935960946935923,-0.003290532881539606,76.336245,7633.6245,-1.196388314772825,0.004160511018406752,0.0058387500000000835,13.135,0.4671,2.85455,3.0,0,3.0,0,0,34.90095,0.1863272943749319,2.2222282499999997,-0.020406628422219172
5.85,Ga0.979Al0.021,Ga0.979 Al0.021,2,0.9792252039240004,0.9790032208449387,0.9790000008891923,0.9790000000002922,0.979,13.0,31.0,18.0,30.622,0.7401240000000001,31.0,73.0,74.0,1.0,73.979,0.041118000000000765,74.0,26.9815386,69.723,42.7414614,68.82542931059999,1.757443409845212,69.723,302.91,933.47,630.56,316.15176,25.927366080000002,302.91,13.0,13.0,0.0,13.0,0.0,13.0,3.0,4.0,1.0,3.979,0.04111799999999992,4.0,121.0,122.0,1.0,121.979,0.041118000000000765,122.0,1.61,1.81,0.19999999999999996,1.8058,0.00822359999999998,1.81,2.0,2.0,0.0,2.0,0.0,2.0,1.0,1.0,0.0,1.0,0.0,1.0,0.0,10.0,10.0,9.79,0.4111800000000008,10.0,0.0,0.0,0.0,0.0,0.0,0.0,3.0,13.0,10.0,12.790000000000001,0.4111799999999991,13.0,0.0,0.0,0.0,0.0,0.0,0.0,5.0,5.0,0.0,5.0,0.0,5.0,0.0,0.0,0.0,0.0,0.0,0.0,0.0,0.0,0.0,0.0,0.0,0.0,5.0,5.0,0.0,5.0,0.0,5.0,16.48,18.8575,2.3775000000000013,18.807572500000003,0.09775804499999909,18.8575,0.0,0.0,0.0,0.0,0.0,0.0,0.0,0.0,0.0,0.0,0.0,0.0,64.0,225.0,161.0,67.381,6.619998000000001,64.0,2.0,1.0,9.79,0.0,False,0.009950166250831893,0.0002045654679508529,Ga0.9917673988193674 Al0.008232601180632732 ,Ga0.979Al0.021,0.007482006282347838,3.2571868716557906,0.02251695479900805,0.143913,1.0314826609812295,-0.000847245068562913,68.82542931059999,68.82542931059999,-15.134668491137397,0.0034953828413952378,0.002055900000000011,13.0,0.082236,2.82218,2.0,0,2.0,0,0,37.24152,0.041889240905343864,0.22368191999999998,-0.0010140269243173097
6.02,Ga93Zn5Cd2,Ga93 Zn5 Cd2,3,0.9315578350268973,0.930051255509377,0.9300000844058806,0.9300000001727847,0.9300000000000188,30.0,48.0,18.0,31.29,0.6683999999999992,31.0,69.0,74.0,5.0,73.67,0.6137999999999986,74.0,65.38,112.411,47.031000000000006,70.35960999999999,1.6820555999999909,69.723,302.91,692.68,389.7699999999999,328.2247,47.08534199999996,302.91,12.0,13.0,1.0,12.93,0.13020000000000023,13.0,4.0,5.0,1.0,4.02,0.03919999999999959,4.0,122.0,144.0,22.0,122.44,0.8623999999999978,122.0,1.65,1.81,0.16000000000000014,1.7996,0.01934399999999998,1.81,2.0,2.0,0.0,2.0,0.0,2.0,0.0,1.0,1.0,0.93,0.13019999999999995,1.0,10.0,10.0,0.0,10.0,0.0,10.0,0.0,0.0,0.0,0.0,0.0,0.0,12.0,13.0,1.0,12.93,0.13020000000000023,13.0,0.0,0.0,0.0,0.0,0.0,0.0,0.0,5.0,5.0,4.65,0.6509999999999997,5.0,0.0,0.0,0.0,0.0,0.0,0.0,0.0,0.0,0.0,0.0,0.0,0.0,0.0,5.0,5.0,4.65,0.6509999999999997,5.0,13.96,19.495,5.535,18.625375000000002,0.46653749999999994,18.8575,0.0,0.0,0.0,0.0,0.0,0.0,0.0,0.0,0.0,0.0,0.0,0.0,64.0,194.0,130.0,73.1,16.925999999999995,64.0,2.0,0.93,10.0,0.0,False,0.006379563620851014,0.000363889244883762,Ga0.921566417561077 Zn0.04648096546584148 Cd0.03195261697308142 ,Ga0.93Zn0.05Cd0.02,0.02549318880386216,10.286056112294343,0.016448347944446134,0.7238000000000001,1.1030481337732219,-0.0024569351398717903,70.35961000000002,7036.106,-3.780466265044711,0.0017077335935594107,0.0009799999999999967,12.93,0.07840000000000001,2.704,1.0,0,1.0,0,0,37.1887,0.05019260662777508,0.274659,-0.0015104846526218614
5.961,Ga82Sn12Zn6,Ga82 Sn12 Zn6,3,0.8309031231136395,0.820962581678528,0.8200113509642107,0.8200001696942157,0.820000000369753,30.0,50.0,20.0,33.22,4.027199999999999,31.0,69.0,80.0,11.0,74.42,1.3392000000000013,74.0,65.38,118.71,53.33,75.34086,10.408593600000007,69.723,302.91,692.68,389.7699999999999,350.55660000000006,78.140424,302.91,12.0,14.0,2.0,13.06,0.22560000000000038,13.0,4.0,5.0,1.0,4.12,0.21120000000000005,4.0,122.0,139.0,17.0,124.04,3.5904000000000043,122.0,1.65,1.96,0.31000000000000005,1.8184000000000002,0.03398400000000014,1.81,2.0,2.0,0.0,2.0,0.0,2.0,0.0,2.0,2.0,1.06,0.22560000000000002,1.0,10.0,10.0,0.0,10.0,0.0,10.0,0.0,0.0,0.0,0.0,0.0,0.0,12.0,14.0,2.0,13.06,0.22560000000000038,13.0,0.0,0.0,0.0,0.0,0.0,0.0,0.0,5.0,5.0,4.58,0.6888,5.0,0.0,0.0,0.0,0.0,0.0,0.0,0.0,0.0,0.0,0.0,0.0,0.0,0.0,5.0,5.0,4.58,0.6888,5.0,13.96,33.285,19.324999999999996,20.29495,3.1176119999999985,18.8575,0.0,0.0,0.0,0.0,0.0,0.0,0.0,0.0,0.0,0.0,0.0,0.0,64.0,194.0,130.0,81.04,27.945600000000002,64.0,2.0,1.06,10.0,0.0,False,0.02373869707974785,0.00103673934511769,Ga0.7588384260697135 Sn0.18907231765296126 Zn0.052089256277325184 ,Ga0.82Sn0.12Zn0.06,0.049970777323202785,4.043120671465726,0.0027364657064722644,2.4696,1.0935849939922535,-0.004871721632475676,75.34085999999999,7534.26,-1.9509684874288618,0.003957154605278156,0.0052800000000000746,13.06,0.42239999999999994,2.762,3.0,0,3.0,0,0,35.169,0.17566530783750448,2.0217479999999997,-0.018224831331467975
9.75,Bi,Bi1,1,1.0,1.0,1.0,1.0,1.0,83.0,83.0,0.0,83.0,0.0,83.0,86.0,86.0,0.0,86.0,0.0,86.0,208.9804,208.9804,0.0,208.9804,0.0,208.9804,544.4,544.4,0.0,544.4,0.0,544.4,15.0,15.0,0.0,15.0,0.0,15.0,6.0,6.0,0.0,6.0,0.0,6.0,148.0,148.0,0.0,148.0,0.0,148.0,2.02,2.02,0.0,2.02,0.0,2.02,2.0,2.0,0.0,2.0,0.0,2.0,3.0,3.0,0.0,3.0,0.0,3.0,10.0,10.0,0.0,10.0,0.0,10.0,14.0,14.0,0.0,14.0,0.0,14.0,29.0,29.0,0.0,29.0,0.0,29.0,0.0,0.0,0.0,0.0,0.0,0.0,3.0,3.0,0.0,3.0,0.0,3.0,0.0,0.0,0.0,0.0,0.0,0.0,0.0,0.0,0.0,0.0,0.0,0.0,3.0,3.0,0.0,3.0,0.0,3.0,32.95,32.95,0.0,32.95,0.0,32.95,0.0,0.0,0.0,0.0,0.0,0.0,0.0,0.0,0.0,0.0,0.0,0.0,12.0,12.0,0.0,12.0,0.0,12.0,2.0,3.0,10.0,14.0,True,0.0,0.0,Bi1.0 ,Bi1.0,0.0,0.0,0.02399399999999996,0.0,1.0,0.0,208.9804,208.9804,0.0,0.0,0.0,15.0,1e-06,2.18,3.0,0,3.0,0,0,12.85,0.0,0.0,0.0
5.946,Ga96.5Zn3.5,Ga96.5 Zn3.5,2,0.9656345064256973,0.9650153469240847,0.9650000121132576,0.9650000000113819,0.9650000000000003,30.0,31.0,1.0,30.965,0.06755000000000014,31.0,69.0,74.0,5.0,73.825,0.33774999999999733,74.0,65.38,69.723,4.3430000000000035,69.570995,0.29336965000000254,69.723,302.91,692.68,389.7699999999999,316.55195000000003,26.328963500000008,302.91,12.0,13.0,1.0,12.965,0.06755000000000014,13.0,4.0,4.0,0.0,4.0,0.0,4.0,122.0,122.0,0.0,122.0,0.0,122.0,1.65,1.81,0.16000000000000014,1.8044,0.01080800000000005,1.81,2.0,2.0,0.0,2.0,0.0,2.0,0.0,1.0,1.0,0.965,0.06755000000000003,1.0,10.0,10.0,0.0,10.0,0.0,10.0,0.0,0.0,0.0,0.0,0.0,0.0,12.0,13.0,1.0,12.965,0.06755000000000014,13.0,0.0,0.0,0.0,0.0,0.0,0.0,0.0,5.0,5.0,4.825,0.3377499999999998,5.0,0.0,0.0,0.0,0.0,0.0,0.0,0.0,0.0,0.0,0.0,0.0,0.0,0.0,5.0,5.0,4.825,0.3377499999999998,5.0,13.96,18.8575,4.897500000000001,18.6860875,0.33082612500000225,18.8575,0.0,0.0,0.0,0.0,0.0,0.0,0.0,0.0,0.0,0.0,0.0,0.0,64.0,194.0,130.0,68.55,8.781499999999996,64.0,2.0,0.965,10.0,0.0,False,0.006379563620851014,0.000215469761294243,Ga0.9670943099099768 Zn0.032905690090023275 ,Ga0.965Zn0.035,0.008216068526706973,399284.12491477665,0.021537643190671564,0.20265,1.0269846723038245,-0.0012613541787209858,69.57099500000001,6957.201,-18.68568161198443,0.0,0.0,12.965,1e-06,2.7589,1.0,0,1.0,0,0,37.459849999999996,0.0014227534347713336,0.009794749999999972,-1.015504784309014e-06
