enthalpy,0-norm,2-norm,MagpieData minimum Number,MagpieData range Number,MagpieData avg_dev Number,MagpieData minimum MendeleevNumber,MagpieData range MendeleevNumber,MagpieData avg_dev MendeleevNumber,MagpieData maximum MeltingT,MagpieData range MeltingT,MagpieData avg_dev MeltingT,MagpieData range Row,MagpieData range CovalentRadius,MagpieData avg_dev CovalentRadius,MagpieData maximum Electronegativity,MagpieData range Electronegativity,MagpieData avg_dev Electronegativity,MagpieData minimum NdValence,MagpieData minimum NfValence,MagpieData minimum NValence,MagpieData minimum NpUnfilled,MagpieData maximum NpUnfilled,MagpieData avg_dev NpUnfilled,MagpieData minimum GSvolume_pa,MagpieData maximum GSvolume_pa,MagpieData range GSvolume_pa,MagpieData avg_dev GSvolume_pa,MagpieData minimum SpaceGroupNumber,MagpieData maximum SpaceGroupNumber,MagpieData range SpaceGroupNumber,MagpieData mean SpaceGroupNumber,MagpieData avg_dev SpaceGroupNumber,MagpieData mode SpaceGroupNumber,compound possible,Yang delta,Yang omega,APE mean,Radii local mismatch,Radii gamma,Total weight,Lambda entropy,Electronegativity delta,Mixing enthalpy,Mean cohesive energy,Shear modulus delta,Shear modulus local mismatch
49.31,3,0.6265780079128217,48.0,35.0,16.8858,70.0,16.0,5.215199999999999,594.22,89.14000000000004,20.82402000000003,1.0,9.0,3.3708000000000005,2.02,0.33,0.1029419999999998,10.0,0.0,12.0,0.0,4.0,1.1046,19.495,33.285,13.789999999999996,4.500950999999999,12.0,194.0,182.0,83.76,76.0656,12.0,False,0.0196254342803056,4.610205113184304,-0.013516010805675,1.6303,1.0269773878477162,16523.052200000002,-21.898112303203725,0.0098645734339628,0.9964,2.2154000000000003,0.2698127855683337,2.33644
40.44,3,0.6893475175845635,49.0,34.0,16.3072,75.0,11.0,3.1808000000000005,544.4,114.64999999999998,22.751679999999997,1.0,9.0,4.300800000000001,2.02,0.24,0.037632,10.0,0.0,13.0,3.0,5.0,0.5376000000000001,24.26,33.285,9.024999999999997,0.6781119999999972,12.0,141.0,129.0,68.68,63.4816,12.0,False,0.0218645143523624,4.430572575491318,-0.0156573508954838,1.7248000000000003,1.026990174921587,16910.5744,-14.260283016942823,0.0118332837815612,0.8064000000000001,2.5776000000000003,0.2384956926621115,1.6918848000000006
16.91,4,0.6018720794321664,49.0,34.0,13.774100000000002,75.0,11.0,3.36515,600.61,170.86,33.1456235,1.0,9.0,3.098800000000003,2.33,0.55,0.0999260000000001,10.0,0.0,13.0,3.0,5.0,0.6099,24.26,33.285,9.024999999999997,2.55112,12.0,225.0,213.0,86.055,79.23885,12.0,False,0.0385228682277356,14.310104041451522,0.0112976438078011,3.1490250000000004,1.0726451454833443,18163.9304,-6.6559470302848185,0.0184741875200714,0.3689,2.3726,0.4082731426000209,2.50319255
18.664,3,0.6138403701289122,50.0,33.0,11.202400000000004,80.0,6.0,2.72,600.61,95.53000000000004,27.50809600000005,1.0,9.0,2.842399999999996,2.33,0.3700000000000001,0.1323840000000001,10.0,0.0,14.0,3.0,4.0,0.5,28.11,33.285,5.174999999999997,1.9927599999999983,12.0,225.0,213.0,100.02,88.02,12.0,False,0.0421978853967018,5.092893589168074,0.003479392161695,3.6204,1.0723457474978682,18862.24,-4.837660433634265,0.0054279362477378,0.9328,2.3492,0.3884037083001166,2.4619704
20.4,2,0.7437324787852148,49.0,34.0,15.193308,75.0,11.0,4.915482000000003,544.4,114.64999999999998,51.232728300000005,1.0,6.0,2.681172000000006,2.02,0.24,0.1072468800000001,10.0,0.0,13.0,3.0,5.0,0.8937239999999999,24.26,32.95,8.690000000000001,3.88323078,12.0,139.0,127.0,96.20099999999998,56.75147400000001,139.0,False,0.0210270412956518,2.7843875060272425,0.0002208594785354,1.564017,1.0270857081832985,14655.07288,-12.016330991725916,0.0296595899142381,0.893724,2.40542,0.6338958029920432,2.038137582
21.71,4,0.5416899482176127,49.0,34.0,16.220976,75.0,11.0,3.355020000000001,600.61,170.86,39.79204272,1.0,9.0,3.634127999999999,2.33,0.55,0.1031615999999999,10.0,0.0,13.0,3.0,5.0,0.6010199999999999,24.26,33.285,9.024999999999997,2.9107575,12.0,225.0,213.0,102.153,73.02393000000001,12.0,False,0.0409825620364433,11.385904632594446,0.0116590295513736,3.354804,1.0728157834285827,169.121258,-6.441764363941253,0.0212071313393319,0.4993559999999999,2.47913,0.45510521895959,2.942665038
22.46,2,0.8118177135293366,49.0,34.0,11.592368,75.0,11.0,3.7504720000000056,544.4,114.64999999999998,39.09014679999999,1.0,6.0,2.045712000000012,2.02,0.24,0.08182848,10.0,0.0,13.0,3.0,5.0,0.6819040000000001,24.26,32.95,8.690000000000001,2.9628728800000004,12.0,139.0,127.0,111.314,43.300904,139.0,False,0.0184647391292687,2.907281778247085,0.0086460710445675,1.193332,1.0271370387356948,135.34540320000002,-12.786665984881306,0.0261023766500002,0.6819040000000001,2.4458800000000003,0.6588464195645438,1.555082072
23.4,4,0.575325994545701,49.0,34.0,14.7552,75.0,11.0,3.8514,600.61,170.86,45.262914,1.0,9.0,2.897999999999996,2.33,0.55,0.1140119999999999,10.0,0.0,13.0,3.0,5.0,0.7056,24.26,33.285,9.024999999999997,3.3205979999999995,12.0,225.0,213.0,92.49,78.8802,12.0,False,0.0400738112187459,35.02258496414528,0.0105284066244674,3.3189,1.0726655427990253,17805.3376,-6.421566185509998,0.0242040661762023,0.1548,2.3396000000000003,0.4826137308280071,2.6403318
24.34,3,0.6815305215849485,49.0,34.0,15.765734320987658,75.0,11.0,4.967937283950617,544.4,114.64999999999998,53.41578141530865,1.0,9.0,2.926530370370377,2.02,0.24,0.1133891437037037,10.0,0.0,13.0,3.0,5.0,0.9096687407407408,24.26,33.285,9.024999999999997,4.2823644740740745,12.0,141.0,129.0,92.41577777777778,59.15027209876545,139.0,False,0.021421006650347,4.554112899278859,-0.00196363737366,1.6276209876543215,1.0270724721234277,13472.03496,-15.583916175815032,0.030881249666679,0.7483051851851854,2.433257777777777,0.6355152340601178,2.559236384296297
24.51,4,0.5380334562088123,48.0,35.0,15.300544,70.0,16.0,4.036864,600.61,95.53000000000004,31.462884000000027,1.0,9.0,2.755232000000004,2.33,0.6400000000000001,0.14006304,10.0,0.0,12.0,0.0,4.0,0.932832,19.495,33.285,13.789999999999996,4.0141916,12.0,225.0,213.0,115.198,85.860736,12.0,False,0.0419102836453595,4.915194161014393,0.0068581731678954,3.5913200000000005,1.0725375235100216,175.79692440000002,-6.217223277509935,0.0091058665642598,1.23904,2.17028,0.4393339720785046,3.360155384
25.0,3,0.6281719509815764,48.0,35.0,15.1404,70.0,16.0,5.3922,594.22,164.47000000000003,65.432694,1.0,6.0,2.442000000000004,2.02,0.33,0.115632,10.0,0.0,12.0,0.0,5.0,1.4892,19.495,32.95,13.455000000000002,4.345902000000001,12.0,194.0,182.0,105.89,61.9674,139.0,False,0.0199538785219344,8.910075976842311,0.0007077082013108,1.6053000000000002,1.0270690616596685,14550.6472,-20.932927661329185,0.0283295151932608,0.4619999999999999,2.1902,0.7393218930018285,3.7956198
25.36,4,0.5302056204907677,49.0,34.0,15.238564,75.0,11.0,3.18549,600.61,170.86,41.91542916,1.0,9.0,3.2549439999999983,2.33,0.55,0.14091594,10.0,0.0,13.0,3.0,5.0,0.5813499999999999,24.26,33.285,9.024999999999997,3.0219745,12.0,225.0,213.0,112.307,77.23639,12.0,False,0.0451864435081499,13.548277717940282,0.0051938589448379,3.884584,1.0725593085479133,175.30719399999998,-5.393534303268825,0.0205571297351213,0.433928,2.4027700000000003,0.4923582084750322,2.9444687940000005
26.66,3,0.6592298536929286,48.0,35.0,5.203391999999992,70.0,16.0,3.428304,600.61,56.21000000000004,27.53547312000002,1.0,4.0,1.1682239999999993,2.33,0.6400000000000001,0.17080176,10.0,0.0,12.0,0.0,4.0,0.678576,19.495,32.95,13.455000000000002,3.146557680000001,12.0,225.0,213.0,112.55,103.76760000000002,12.0,False,0.0382203022826232,10.010479225427934,-0.0048434104408801,3.261132,1.0638561626002818,20034.59884,-5.195366566819637,0.0077642037760741,0.43296,2.03606,0.4951079948669826,2.641025064
27.07,4,0.575325994545701,49.0,34.0,14.7552,75.0,11.0,3.8514,600.61,170.86,45.262914,1.0,9.0,2.897999999999996,2.33,0.55,0.1140120000000001,10.0,0.0,13.0,3.0,5.0,0.7056,24.26,33.285,9.024999999999997,3.3205979999999995,12.0,225.0,213.0,92.49,78.8802,12.0,False,0.0400738112187459,35.022584964145274,0.0105284066244674,3.3189,1.0726655427990253,17805.3376,-6.421566185509997,0.0242040661762023,0.1548,2.3396,0.4826137308280072,2.6403318
27.9,3,0.6135275054958824,49.0,34.0,14.573919999999998,75.0,11.0,4.349056,544.4,114.64999999999998,49.77022208,1.0,9.0,2.9653439999999978,2.02,0.24,0.1084531199999999,10.0,0.0,13.0,3.0,5.0,0.8081280000000001,24.26,33.285,9.024999999999997,4.40658144,12.0,141.0,129.0,99.26,55.148320000000005,139.0,False,0.0207006479497249,11.192528232032954,0.0017100844229159,1.513008,1.0270947486795896,14533.61504,-20.052858994112587,0.0310238318804634,0.369088,2.53408,0.627297497181334,3.160080992
27.9,3,0.6268572405261026,49.0,34.0,14.810250000000002,75.0,11.0,4.488,544.4,114.64999999999998,50.684514,1.0,9.0,2.954250000000004,2.02,0.24,0.1098539999999999,10.0,0.0,13.0,3.0,5.0,0.8313000000000001,24.26,33.285,9.024999999999997,4.3996425,12.0,141.0,129.0,98.055,55.93575,139.0,False,0.0208464406241243,8.940720493540445,0.0010719723104838,1.535625,1.0270908732472663,14606.296,-19.24581206405808,0.0310689863267868,0.4485,2.5118,0.636348539426815,3.04975005
28.98,4,0.5381431036443746,49.0,34.0,16.622225999999998,75.0,11.0,3.916728,600.61,170.86,51.336963,1.0,9.0,3.2503860000000007,2.33,0.55,0.12948732,10.0,0.0,13.0,3.0,5.0,0.70821,24.26,33.285,9.024999999999997,3.72994766,12.0,225.0,213.0,102.569,70.10040599999999,12.0,False,0.0400537745452002,29.15676504814675,0.0038569733546037,3.222441,1.072895804081975,165.21182080000003,-6.772953103396893,0.0273734474766071,0.1905479999999999,2.4214,0.549904637030182,2.971002354
28.99,3,0.6012520270236101,50.0,33.0,12.03408,80.0,6.0,2.718144,600.61,95.53000000000004,28.57858559999999,1.0,9.0,3.039263999999996,2.33,0.3700000000000001,0.13556736,10.0,0.0,14.0,3.0,4.0,0.4979519999999999,28.11,33.285,5.174999999999997,2.03202432,12.0,225.0,213.0,104.82,86.87952000000001,12.0,False,0.0433431759888405,4.756692270979453,0.0028554140823939,3.7519199999999993,1.072357373121868,186.4416672,-4.682380742886906,0.00547479319009,1.0189439999999998,2.3710400000000003,0.3975447945519972,2.559641184
29.0,4,0.575325994545701,49.0,34.0,14.7552,75.0,11.0,3.8514,600.61,170.86,45.262914,1.0,9.0,2.897999999999996,2.33,0.55,0.1140119999999999,10.0,0.0,13.0,3.0,5.0,0.7056,24.26,33.285,9.024999999999997,3.3205979999999995,12.0,225.0,213.0,92.49,78.8802,12.0,False,0.0400738112187459,35.02258496414528,0.0105284066244674,3.3189,1.0726655427990253,17805.3376,-6.421566185509998,0.0242040661762023,0.1548,2.3396000000000003,0.4826137308280071,2.6403318
29.0,3,0.6216108107168021,49.0,34.0,11.554399999999996,75.0,11.0,3.8688,600.61,170.86,45.77830399999998,1.0,6.0,1.9136,2.33,0.55,0.146744,10.0,0.0,13.0,3.0,5.0,0.728,24.26,32.95,8.690000000000001,3.297008000000001,12.0,225.0,213.0,95.32,86.65280000000001,12.0,False,0.0413370999111353,6.616757686583591,0.0049210275972467,3.5100000000000007,1.0723845178732816,18780.1768,-4.9793282965791485,0.0242218659369099,0.6864,2.2158,0.4655904397579437,2.1467472
29.88,3,0.6534278843147114,49.0,34.0,11.956319999999998,75.0,11.0,4.03908,544.4,114.64999999999998,47.17871256,1.0,9.0,2.384640000000001,2.02,0.24,0.1036425599999999,10.0,0.0,13.0,3.0,5.0,0.7542720000000002,24.26,33.285,9.024999999999997,4.301445599999998,12.0,141.0,129.0,110.166,45.15636,139.0,False,0.0188099582258483,10.433432186771018,0.0077979815438707,1.2397,1.027131851397008,137.207048,-22.72885997171175,0.0307922443122462,0.36248,2.55836,0.6999980441753937,3.0725107120000006
30.35,4,0.59074359920358,48.0,35.0,11.977304000000004,70.0,16.0,3.733,600.61,95.53000000000004,29.145925660000003,1.0,9.0,2.2009539999999848,2.33,0.6400000000000001,0.1432241399999999,10.0,0.0,12.0,0.0,4.0,0.72,19.495,33.285,13.789999999999996,3.372132850000001,12.0,225.0,213.0,104.228,92.228,12.0,False,0.0406503957899086,5.777849535659321,0.0044878022005044,3.472709,1.0723533359140085,18684.213000000003,-6.0261041013224,0.0081180643973312,0.963688,2.16563,0.442246232296456,2.969924284
30.82,2,0.7362404498531713,49.0,34.0,15.5703,75.0,11.0,5.03745,544.4,114.64999999999998,52.50396749999999,1.0,6.0,2.7476999999999987,2.02,0.24,0.109908,10.0,0.0,13.0,3.0,5.0,0.9159,24.26,32.95,8.690000000000001,3.9795855000000016,12.0,139.0,127.0,93.915,58.15965,139.0,False,0.0212692844327383,2.7778881442220267,-0.001056445516613,1.602825,1.0270779652530737,148.245652,-11.954815827014224,0.0299914335755903,0.9159,2.3993,0.6265868917197354,2.08870995
32.47,3,0.6511973587170021,49.0,34.0,16.41855,75.0,11.0,4.3815,544.4,114.64999999999998,41.04828399999999,1.0,9.0,3.529349999999998,2.02,0.24,0.0852465599999999,10.0,0.0,13.0,3.0,5.0,0.7785499999999999,24.26,33.285,9.024999999999997,3.3052698000000005,12.0,141.0,129.0,66.321,62.469150000000006,12.0,False,0.0217601068280138,22.556468573588827,-0.0167295949475807,1.7106249999999998,1.0269837794693264,16963.4696,-17.015208115829996,0.0265574541450338,0.1817,2.43176,0.4306190786751875,2.5192274020000003
25.264,3,0.63407412815853,50.0,33.0,8.545150000000001,80.0,6.0,2.6565,600.61,95.53000000000004,28.36313600000002,1.0,9.0,2.1591499999999977,2.33,0.3700000000000001,0.140864,10.0,0.0,14.0,3.0,4.0,0.49875,28.11,33.285,5.174999999999997,2.139600000000001,12.0,225.0,213.0,100.155,92.56275,12.0,False,0.0412041609229379,6.351170352233275,0.0007423825927649,3.528025,1.0721952016100635,19441.876,-4.857199530414251,0.0056419466810308,0.7222999999999999,2.2808,0.3977860633245584,2.35414065
34.7,3,0.626737584639696,50.0,33.0,9.633599999999996,80.0,6.0,2.6832,600.61,95.53000000000004,27.85476,1.0,9.0,2.4407999999999994,2.33,0.3700000000000001,0.1366799999999999,10.0,0.0,14.0,3.0,4.0,0.4992,28.11,33.285,5.174999999999997,2.0689800000000016,12.0,225.0,213.0,99.12,90.6048,12.0,False,0.0415136037342223,5.770212423609318,0.0021231703601235,3.5531999999999995,1.072261924029828,19219.7608,-4.87198979036001,0.0055412039842272,0.8064,2.3078,0.3923022041377204,2.390424
36.8,5,0.5480875842417889,48.0,35.0,14.608799999999995,70.0,16.0,4.0680000000000005,600.61,170.86,44.722908000000025,1.0,9.0,2.507200000000004,2.33,0.6400000000000001,0.140576,10.0,0.0,12.0,0.0,5.0,0.8399999999999999,19.495,33.285,13.789999999999996,3.668465000000001,12.0,225.0,213.0,104.54,83.286,12.0,False,0.0422540945457335,139.19940641568795,0.0069611452893323,3.6074000000000006,1.0725401238432744,17862.995,-6.3550889279095895,0.0230288046915276,0.0435999999999999,2.2359,0.5390863050201015,2.975003600000001
36.8,5,0.5450357786420997,48.0,35.0,14.776644,70.0,16.0,4.091838,600.61,170.86,44.94327107999997,1.0,9.0,2.5377219999999863,2.33,0.6400000000000001,0.1393290000000002,10.0,0.0,12.0,0.0,5.0,0.8500000000000001,19.495,33.285,13.789999999999996,3.7008864000000017,12.0,225.0,213.0,104.748,82.916712,12.0,False,0.0421879178175708,243.230431755578,0.0072427622699144,3.597291,1.0725549177009213,17798.238980000002,-6.420630838493,0.0230795984956606,0.025116,2.23666,0.5411555340454245,3.012321236
36.91,3,0.5951957661139737,49.0,34.0,16.427950000000003,75.0,11.0,4.428500000000001,544.4,114.64999999999998,46.12948736,1.0,9.0,3.5011500000000004,2.02,0.24,0.10006656,10.0,0.0,13.0,3.0,5.0,0.7879500000000002,24.26,33.285,9.024999999999997,4.016900799999999,12.0,141.0,129.0,85.47100000000002,62.45035,12.0,False,0.0219047380175654,20.012506267009247,-0.0060309949475808,1.7106250000000005,1.0270479069695897,155.704936,-18.467908729853665,0.0293940158672562,0.2193,2.51376,0.5228988704769425,3.0492766020000013
38.0,3,0.6374778427522011,49.0,34.0,16.715160000000004,75.0,11.0,4.5846,544.4,114.64999999999998,44.06873526000002,1.0,9.0,3.50892,2.02,0.24,0.0944103599999999,10.0,0.0,13.0,3.0,5.0,0.81756,24.26,33.285,9.024999999999997,3.66122295,12.0,141.0,129.0,70.74600000000001,63.44568,12.0,False,0.0219724273990778,14.315985112710353,-0.0142285162761291,1.7388,1.02699870815631,16630.0092,-17.031192614249953,0.028027757974805,0.2894399999999999,2.43746,0.4664342363905746,2.6672407920000003
38.64,4,0.5584465059430491,48.0,35.0,13.61965446,70.0,16.0,3.962961639999999,600.61,95.53000000000004,30.85068922720001,1.0,9.0,2.332248119999999,2.33,0.6400000000000001,0.1532661212,10.0,0.0,12.0,0.0,4.0,0.83939514,19.495,33.285,13.789999999999996,3.8024743061000006,12.0,225.0,213.0,114.1614,90.69889092,12.0,False,0.0420724069639885,5.283638786943893,0.0039400770548859,3.64299459,1.0723829498898212,18212.710266,-5.955260352170976,0.0088075011105298,1.1196018,2.13254,0.4636688830947031,3.30016248824
39.8,4,0.59074359920358,48.0,35.0,11.977304000000004,70.0,16.0,3.733,600.61,95.53000000000004,29.145925660000003,1.0,9.0,2.200953999999985,2.33,0.6400000000000001,0.1432241400000001,10.0,0.0,12.0,0.0,4.0,0.72,19.495,33.285,13.789999999999996,3.3721328500000003,12.0,225.0,213.0,104.228,92.228,12.0,False,0.0406503957899086,5.777849535659321,0.0044878022005044,3.472709,1.0723533359140085,18684.213,-6.0261041013224,0.0081180643973312,0.963688,2.16563,0.4422462322964561,2.969924284
40.0,4,0.59074359920358,48.0,35.0,11.977304000000004,70.0,16.0,3.733,600.61,95.53000000000004,29.145925660000003,1.0,9.0,2.200953999999985,2.33,0.6400000000000001,0.1432241400000001,10.0,0.0,12.0,0.0,4.0,0.72,19.495,33.285,13.789999999999996,3.3721328500000003,12.0,225.0,213.0,104.228,92.228,12.0,False,0.0406503957899086,5.777849535659321,0.0044878022005044,3.472709,1.0723533359140085,18684.213,-6.0261041013224,0.0081180643973312,0.963688,2.16563,0.4422462322964561,2.969924284
40.6,3,0.6236216801875958,48.0,34.0,9.750831999999992,70.0,11.0,4.358664000000005,600.61,95.53000000000004,45.73521920000001,1.0,7.0,2.871296,2.33,0.6400000000000001,0.15588864,10.0,0.0,12.0,0.0,4.0,1.698912,19.495,33.285,13.789999999999996,5.285468159999997,141.0,225.0,84.0,172.506,32.262144,141.0,False,0.0446127836958293,3.895841273068986,-0.0011694758573074,3.030604,1.0731229342322552,13288.7686,-4.24069797098547,0.0107128569118943,1.1910079999999998,2.3321,0.3572641110606615,3.1502897039999995
44.1,3,0.6994011724325317,30.0,53.0,15.73715,69.0,17.0,3.09134,692.68,187.6,26.700026,2.0,26.0,4.65263,2.02,0.3700000000000001,0.0371614,10.0,0.0,12.0,0.0,4.0,0.638262,13.96,33.285,19.325,1.6153082000000034,12.0,194.0,182.0,97.537,60.73127,141.0,False,0.0312153175446805,2.9407967745842987,0.0030181417345621,2.233785,1.090705110182194,148.41074799999998,-6.920627291704205,0.0024723359358299,1.209116,2.72044,0.2905050184242763,2.06824961
44.8,2,0.7161005515987262,50.0,33.0,16.0776,80.0,6.0,2.9232,544.4,39.31999999999999,19.156704,1.0,9.0,4.3848,2.02,0.06,0.029232,10.0,0.0,14.0,3.0,4.0,0.4871999999999999,32.95,33.285,0.3349999999999937,0.1632119999999966,12.0,141.0,129.0,66.18,62.8488,12.0,False,0.0217207943555316,3.064135200833153,-0.0170871273625807,1.7051999999999998,1.0269816485033405,17106.6832,-11.988199908183748,0.0,0.9744,2.5832,0.1815389105713318,1.3617240000000004
53.3,1,1.0,83.0,0.0,0.0,86.0,0.0,0.0,544.4,0.0,0.0,0.0,0.0,0.0,2.02,0.0,0.0,10.0,14.0,29.0,3.0,3.0,0.0,32.95,32.95,0.0,0.0,12.0,12.0,0.0,12.0,0.0,12.0,True,0.0,0.0,0.0239939999999999,0.0,1.0,208.9804,0.0,0.0,1e-06,2.18,0.0,0.0
67.2,3,0.7117232608254419,31.0,19.0,8.127099999999999,74.0,6.0,1.2796999999999994,505.08,202.17,68.70642299999997,1.0,20.0,8.341499999999996,1.96,0.1799999999999999,0.0343500000000001,10.0,0.0,13.0,4.0,5.0,0.21875,18.8575,33.285,14.427499999999997,3.900673,64.0,141.0,77.0,89.0,33.5,64.0,False,0.0700664661479269,1.2667280715154252,-0.0226883221451613,4.6431,1.0925992695543765,8509.085,-1.4447783213654823,0.0210242733170636,1.9832,2.7918000000000003,0.4921352285502481,6.6052212
69.03,3,0.7591192264723637,31.0,19.0,7.17507,74.0,6.0,1.205399999999997,505.08,202.17,61.70211809999998,1.0,20.0,7.301489999999999,1.96,0.1799999999999999,0.0306293399999998,10.0,0.0,13.0,4.0,5.0,0.1973579999999998,18.8575,33.285,14.427499999999997,3.577153124999997,64.0,141.0,77.0,84.097,29.54259,64.0,False,0.0664063150252218,1.2908649883701375,-0.0135228224392754,4.090275,1.0929285751102111,82.105187,-1.4298506429270124,0.0186900596907616,1.68462,2.80197,0.422142831608104,5.623306458
69.7,2,0.814260707636074,31.0,18.0,6.065630999999999,74.0,1.0,0.3369795000000006,429.75,126.83999999999996,42.74247978,1.0,20.0,6.739590000000003,1.81,0.03,0.0101093850000001,10.0,0.0,13.0,5.0,5.0,0.0,18.8575,24.26,5.4025,1.820531748749998,64.0,139.0,75.0,80.0875,25.273462500000004,64.0,False,0.0622360690339694,0.7056807117932485,-0.0063919438175606,3.53828475,1.0931864581583213,7939.58775,-1.115862145487954,0.0202348983111685,2.021877,2.747795,0.4581268930461196,5.6851811445
71.2,3,0.8008408081510333,31.0,19.0,6.201439999999999,74.0,6.0,0.8639680000000012,505.08,202.17,50.8730544,1.0,20.0,6.458592000000008,1.96,0.1799999999999999,0.0193522800000001,10.0,0.0,13.0,4.0,5.0,0.1250220000000001,18.8575,33.285,14.427499999999997,2.7778923200000003,64.0,141.0,77.0,80.334,25.611712,64.0,False,0.0623794523628447,1.133926697817451,-0.0066038779849398,3.5562240000000003,1.093178772373374,79.724284,-1.4006732518672955,0.0180860100402017,1.611904,2.7889,0.3983954065761281,5.0880832080000005
71.68,2,0.8511462858991984,31.0,18.0,4.959899999999999,74.0,1.0,0.2755499999999946,429.75,126.83999999999996,34.95076200000001,1.0,20.0,5.510999999999989,1.81,0.03,0.0082665,10.0,0.0,13.0,5.0,5.0,0.0,18.8575,24.26,5.4025,1.488658875000001,64.0,139.0,75.0,76.375,20.66625,64.0,False,0.0567038266485748,0.7293529818504851,0.0006062076931269,2.893275,1.09344098483821,77.163675,-1.158073380235913,0.0182532849303834,1.6533000000000002,2.76215,0.3925819796449177,4.64880405
75.2,3,0.7730459236035075,31.0,19.0,7.1928,70.0,10.0,2.129599999999998,594.22,291.31,83.07210399999997,1.0,22.0,6.837600000000002,1.96,0.27,0.0535919999999998,10.0,0.0,12.0,0.0,5.0,0.6215999999999999,18.8575,33.285,14.427499999999997,4.940298,64.0,194.0,130.0,86.14,32.7672,64.0,False,0.0670311265608582,2.655680160322124,-0.0128860884458672,4.1172,1.1017582819625018,8220.766,-1.2669083483453512,0.0058052374990881,0.7696000000000001,2.8166,0.2452456316344117,3.54302
78.0,2,0.8754713016427209,31.0,19.0,4.437449999999998,74.0,6.0,1.4013000000000018,505.08,202.17,47.216803500000005,1.0,17.0,3.9703500000000016,1.96,0.1499999999999999,0.0350325,10.0,0.0,13.0,4.0,5.0,0.2335499999999998,18.8575,33.285,14.427499999999997,3.369542625,64.0,141.0,77.0,74.395,17.983349999999994,64.0,False,0.0524441482254799,2.3261478581810717,0.0048515966892753,2.452275,1.0935960946935923,7633.6245,-1.196388314772825,0.0041605110184067,0.4671,2.85455,0.1863272943749319,2.22222825
78.29,2,0.9198434649439,31.0,19.0,2.923872000000003,74.0,6.0,0.923328000000004,505.08,202.17,31.11153696,1.0,17.0,2.616096000000009,1.96,0.1499999999999999,0.0230831999999999,10.0,0.0,13.0,4.0,5.0,0.1538879999999997,18.8575,33.285,14.427499999999997,2.220219120000002,64.0,141.0,77.0,70.468,11.849376000000005,64.0,False,0.0429063972657614,2.492424345741898,0.0120758335981126,1.6158240000000004,1.0938612699419223,73.837908,-1.302593412188406,0.0033793164948269,0.307776,2.83772,0.1471556267687011,1.4642443200000002
79.22,2,0.9513148795220224,31.0,19.0,1.8049999999999995,74.0,6.0,0.5699999999999974,505.08,202.17,19.20614999999999,1.0,17.0,1.6149999999999949,1.96,0.1499999999999999,0.01425,10.0,0.0,13.0,4.0,5.0,0.0949999999999998,18.8575,33.285,14.427499999999997,1.3706124999999982,64.0,141.0,77.0,67.85,7.314999999999995,64.0,False,0.0338899954884687,2.719069357450778,0.0168969415563311,0.9975,1.0940391035390755,72.17235,-1.4370135345840165,0.0026562455475568,0.19,2.8265,0.1135723631797294,0.903925
81.12,1,1.0,31.0,0.0,0.0,74.0,0.0,0.0,302.91,0.0,0.0,0.0,0.0,0.0,1.81,0.0,0.0,10.0,0.0,13.0,5.0,5.0,0.0,18.8575,18.8575,0.0,0.0,64.0,64.0,0.0,64.0,0.0,64.0,True,0.0,0.0,0.0239939999999999,0.0,1.0,69.723,0.0,0.0,1e-06,2.81,0.0,0.0
82.59,2,0.9792252039240004,13.0,18.0,0.7401240000000001,73.0,1.0,0.0411180000000007,933.47,630.56,25.92736608,1.0,1.0,0.0411180000000007,1.81,0.1999999999999999,0.0082235999999999,0.0,0.0,3.0,5.0,5.0,0.0,16.48,18.8575,2.3775000000000013,0.097758044999999,64.0,225.0,161.0,67.381,6.619998000000001,64.0,False,0.0074820062823478,3.2571868716557906,0.022516954799008,0.143913,1.0314826609812295,68.82542931059999,-15.134668491137395,0.0034953828413952,0.082236,2.82218,0.0418892409053438,0.2236819199999999
85.03,3,0.9315578350268972,30.0,18.0,0.6683999999999992,69.0,5.0,0.6137999999999986,692.68,389.7699999999999,47.08534199999996,1.0,22.0,0.8623999999999978,1.81,0.1600000000000001,0.0193439999999999,10.0,0.0,12.0,0.0,5.0,0.6509999999999997,13.96,19.495,5.535,0.4665374999999999,64.0,194.0,130.0,73.1,16.925999999999995,64.0,False,0.0254931888038621,10.286056112294345,0.0164483479444461,0.7238000000000001,1.103048133773222,7036.106,-3.780466265044711,0.0017077335935594,0.0784,2.704,0.050192606627775,0.274659
86.5,3,0.8309031231136395,30.0,20.0,4.027199999999999,69.0,11.0,1.3392000000000013,692.68,389.7699999999999,78.140424,1.0,17.0,3.5904000000000043,1.96,0.31,0.0339840000000001,10.0,0.0,12.0,0.0,5.0,0.6888,13.96,33.285,19.325,3.1176119999999985,64.0,194.0,130.0,81.04,27.9456,64.0,False,0.0499707773232027,4.043120671465726,0.0027364657064722,2.4696,1.0935849939922535,7534.26,-1.9509684874288615,0.0039571546052781,0.4223999999999999,2.762,0.1756653078375044,2.021748
88.5,2,0.9656345064256971,30.0,1.0,0.0675500000000001,69.0,5.0,0.3377499999999973,692.68,389.7699999999999,26.328963500000008,0.0,0.0,0.0,1.81,0.1600000000000001,0.010808,10.0,0.0,12.0,0.0,5.0,0.3377499999999998,13.96,18.8575,4.897500000000001,0.3308261250000022,64.0,194.0,130.0,68.55,8.781499999999996,64.0,False,0.0082160685267069,399284.1249147767,0.0215376431906715,0.20265,1.0269846723038245,6957.201,-18.68568161198443,0.0,1e-06,2.7589,0.0014227534347713,0.0097947499999999
23.398,3,0.63118935352238,50.0,33.0,8.767999999999995,80.0,6.0,2.6624,600.61,95.53000000000004,28.48896000000002,1.0,9.0,2.2144000000000084,2.33,0.3700000000000001,0.141056,10.0,0.0,14.0,3.0,4.0,0.4992,28.11,33.285,5.174999999999997,2.1406720000000017,12.0,225.0,213.0,100.8,92.352,12.0,False,0.0414076885226687,6.214374677186104,0.0007305727309278,3.5520000000000005,1.0722008228142943,19396.7408,-4.83864377966888,0.0056419466810308,0.7424000000000001,2.2856,0.3991476671465541,2.3732864000000005
28.53,5,0.5450357786420997,48.0,35.0,14.776644,70.0,16.0,4.091838000000001,600.61,170.86,44.94327107999997,1.0,9.0,2.537721999999996,2.33,0.6400000000000001,0.1393289999999999,10.0,0.0,12.0,0.0,5.0,0.85,19.495,33.285,13.789999999999996,3.700886400000001,12.0,225.0,213.0,104.748,82.916712,12.0,False,0.0421879178175708,243.23043175557865,0.0072427622699144,3.597291,1.0725549177009208,17798.238980000002,-6.420630838493,0.0230795984956606,0.025116,2.23666,0.5411555340454245,3.012321236
